哺乳類,アカネズミ
哺乳類,アゴヒゲアザラシ
哺乳類,アズマモグラ
哺乳類,アズミトガリネズミ
哺乳類,アナウサギ
哺乳類,アナグマ
哺乳類,アブラコウモリ
哺乳類,アマミノクロウサギ
哺乳類,アライグマ
哺乳類,イイズナ
哺乳類,イタチ
哺乳類,イノシシ
哺乳類,イリオモテヤマネコ
哺乳類,ウサギコウモリ
哺乳類,オオアシトガリネズミ
哺乳類,オオアブラコウモリ
哺乳類,オガサワラアブラコウモリ
哺乳類,オガサワラオオコウモリ
哺乳類,オキナワオオコウモリ
哺乳類,オキナワコキクガシラコウモリ
哺乳類,オキナワハツカネズミ
哺乳類,オコジョ
哺乳類,オットセイ
哺乳類,オナガジネズミ
哺乳類,オヒキコウモリ
哺乳類,オリイジネズミ
哺乳類,カグヤコウモリ
哺乳類,カグラコウモリ
哺乳類,カモシカ
哺乳類,カヤネズミ
哺乳類,カワウソ
哺乳類,カワネズミ
哺乳類,キクガシラコウモリ
哺乳類,キタリス
哺乳類,キツネ
哺乳類,キョン
哺乳類,クチバテングコウモリ
哺乳類,クビワオオコウモリ
哺乳類,クビワコウモリ
哺乳類,クマネズミ
哺乳類,クラカケアザラシ
哺乳類,クロアカコウモリ
哺乳類,クロテン
哺乳類,クロホオヒゲコウモリ
哺乳類,ケナガネズミ
哺乳類,コウベモグラ
哺乳類,コキクガシラコウモリ
哺乳類,コジネズミ
哺乳類,コテングコウモリ
哺乳類,コヤマコウモリ
哺乳類,ゴマフアザラシ
哺乳類,サドトガリネズミ
哺乳類,サドモグラ
哺乳類,シカ
哺乳類,シマリス
哺乳類,ジネズミ
哺乳類,ジャコウネズミ
哺乳類,ジャワマングース
哺乳類,スミスネズミ
哺乳類,セスジネズミ
哺乳類,センカクモグラ
哺乳類,ゼニガタアザラシ
哺乳類,タイリクモモンガ
哺乳類,タイリクヤチネズミ
哺乳類,タイワンザル
哺乳類,タイワンリス
哺乳類,タヌキ
哺乳類,チチブコウモリ
哺乳類,チビトガリネズミ
哺乳類,チョウセンイタチ
哺乳類,ツキノワグマ
哺乳類,ツキノワグマ・ヒグマ
哺乳類,テン
哺乳類,テングコウモリ
哺乳類,トガリネズミ
哺乳類,トゲネズミ
哺乳類,トド
哺乳類,ドブネズミ
哺乳類,ドーベントンコウモリ
哺乳類,ナキウサギ
哺乳類,ニホンカモシカ
哺乳類,ニホンザル
哺乳類,ニホンジカ
哺乳類,ニホンリス
哺乳類,ヌートリア
哺乳類,ノイヌ
哺乳類,ノウサギ
哺乳類,ノネコ
哺乳類,ノヤギ
哺乳類,ノレンコウモリ
哺乳類,ハクビシン
哺乳類,ハタネズミ
哺乳類,ハツカネズミ
哺乳類,ハントウアカネズミ
哺乳類,ヒグマ
哺乳類,ヒナコウモリ
哺乳類,ヒミズ
哺乳類,ヒメトガリネズミ
哺乳類,ヒメネズミ
哺乳類,ヒメヒミズ
哺乳類,ヒメホオヒゲコウモリ
哺乳類,ヒメホリカワコウモリ
哺乳類,ヒメヤチネズミ
哺乳類,ベンガルヤマネコ
哺乳類,ホオヒゲコウモリ
哺乳類,ホンドモモンガ
哺乳類,マングース
哺乳類,ミズラモグラ
哺乳類,ミンク
哺乳類,ムクゲネズミ
哺乳類,ムササビ
哺乳類,モモジロコウモリ
哺乳類,モリアブラコウモリ
哺乳類,ヤエヤマコキクガシラコウモリ
哺乳類,ヤチネズミ
哺乳類,ヤマコウモリ
哺乳類,ヤマネ
哺乳類,ユキウサギ
哺乳類,ユビナガコウモリ
哺乳類,ラッコ
哺乳類,リュウキュウユビナガコウモリ
哺乳類,ワモンアザラシ
貝類,アオミオカタニシ
貝類,アオモリマイマイ
貝類,アカマイマイ
貝類,アキヨシミジンツボ
貝類,アケボノマイマイ
貝類,アサリ
貝類,アシヒダナメクジ
貝類,アズキカワザンショウガイ
貝類,アズキガイ
貝類,アズマオトメマイマイ
貝類,アズマギセル
貝類,アズママルクチコギセル
貝類,アツクチハマシイノミガイ
貝類,アツブタガイ(亜種)
貝類,アツブタムシオイガイ
貝類,アツマイマイ
貝類,アナカタマイマイ
貝類,アナナシマイマイ
貝類,アニジマヤマキサゴ
貝類,アフリカマイマイ
貝類,アベギセル
貝類,アベゴマガイ
貝類,アポイマイマイ
貝類,アマノヤマタカマイマイ
貝類,アマミカワニナ
貝類,アマミノミギセル
貝類,アマミヤマタカマイマイ
貝類,アメイロギセル
貝類,アラナミギセル
貝類,アラハダノミギセル
貝類,アラハダヒロベソマイマイ(亜種)
貝類,アワキビ
貝類,アワギセル
貝類,アワクリイロベッコウ
貝類,アワシマケマイマイ
貝類,アワジウツミギセル
貝類,アワジオトメマイマイ
貝類,アワジギセル
貝類,アワマイマイ
貝類,アワムシオイガイ
貝類,イイジマギセル
貝類,イエジママイマイ
貝類,イオウジマノミガイ
貝類,イガイダマシ
貝類,イガガノコガイ
貝類,イキギセル
貝類,イグチモノアラガイ(亜種)
貝類,イケチョウガイ
貝類,イシカワギセル
貝類,イシガイ(亜種)
貝類,イシマキガイ
貝類,イシマキシロマイマイ
貝類,イズモマイマイ
貝類,イセキビ
貝類,イソシジミ
貝類,イッシキマイマイ(亜種)
貝類,イツマデガイ(亜種)
貝類,イトウケマイマイ
貝類,イトウムシオイガイ(亜種)
貝類,イトカケギセル
貝類,イトカケゴマガイ
貝類,イトカケノミギセル(亜種)
貝類,イトカケヘナタリガイ
貝類,イトカケマイマイ
貝類,イトヒキツムガタノミギセル
貝類,イトマキミジンヤマタニシ
貝類,イトマキヤマトガイ
貝類,イトマンマイマイ
貝類,イナズマカノコガイ
貝類,イナバマメタニシ
貝類,イノウエヤマトガイ
貝類,イブキゴマガイ(亜種)
貝類,イヘヤタメトモマイマイ
貝類,イヘヤマイマイ
貝類,イヘヤヤマタカマイマイ
貝類,イボアヤカワニナ
貝類,イボイボナメクジ
貝類,イボウミニナ
貝類,イボカワニナ
貝類,イヤヤマキビ
貝類,イヨギセル
貝類,イリエツボ
貝類,イリオモテコギセル
貝類,イロアセオトメマイマイ
貝類,イロタマキビガイ
貝類,イワテビロウドマイマイ
貝類,イワミマイマイ
貝類,インドヒラマキガイ
貝類,ウオズミゴマガイ
貝類,ウジグントウギセル
貝類,ウジグントウゴマガイ
貝類,ウジグントウマイマイ
貝類,ウスイロオカチグサガイ
貝類,ウスイロシタラガイ
貝類,ウスイロヘソカドガイ
貝類,ウスカワマイマイ
貝類,ウスグチベッコウ
貝類,ウスコミミガイ
貝類,ウスチャイロキセルガイモドキ
貝類,ウスベニギセル(亜種)
貝類,ウズラタマキビガイ
貝類,ウゼンゴマガイ
貝類,ウゼンシタラガイ
貝類,ウチマキノミギセル
貝類,ウツミギセル
貝類,ウニケマイマイ
貝類,ウネナシトマヤガイ
貝類,ウブギセル
貝類,ウミニナ
貝類,ウミマイマイ
貝類,ウメムラシタラガイ
貝類,ウラキヤマタカマイマイ
貝類,ウラシマミミガイ
貝類,ウラジロベッコウ
貝類,ウラジロヤマタカマイマイ
貝類,ウルシヌリハマシイノミガイ
貝類,ウロコケマイマイ(亜種)
貝類,ウロコビロウドマイマイ(亜種)
貝類,エイコベッコウ
貝類,エサキケマイマイ
貝類,エゾエンザ
貝類,エゾオカマメタニシ
貝類,エゾキビ
貝類,エゾコギセル
貝類,エゾゴマガイ
貝類,エゾドブシジミ
貝類,エゾナタネ
貝類,エゾヒメギセル
貝類,エゾヒメベッコウ
貝類,エゾマイマイ(亜種)
貝類,エゾマメタニシ
貝類,エゾミジンマイマイ
貝類,エダヒダノミギセル
貝類,エチゴマイマイ
貝類,エチゼンビロウドマイマイ
貝類,エドガワミズゴマツボ
貝類,エナクリイロベッコウ
貝類,エラブシュリマイマイ
貝類,エラブマイマイ
貝類,エリマキガイ
貝類,エルベリギセル
貝類,エンスイマイマイ
貝類,エンドウマイマイ
貝類,オウミガイ
貝類,オオイタシロギセル(亜種)
貝類,オオウエキビ
貝類,オオウエゴマガイ
貝類,オオウケマイマイ(亜種)
貝類,オオウスイロヘソカドガイ
貝類,オオウスビロウドマイマイ
貝類,オオウラカワニナ
貝類,オオオカチョウジガイ
貝類,オオカサキビ
貝類,オオカサマイマイ
貝類,オオキビガイ(亜種)
貝類,オオギセル
貝類,オオクラヒメベッコウ
貝類,オオクリイロカワザンショウガイ
貝類,オオケマイマイ(亜種)
貝類,オオコウラナメクジ
貝類,オオコハクガイ
貝類,オオコベルトゴマガイ
貝類,オオゴマガイ
貝類,オオシマアズキガイ(亜種)
貝類,オオシマキセルガイモドキ
貝類,オオシマギセル(亜種)
貝類,オオシマケマイマイ
貝類,オオシマゴマガイ
貝類,オオシマフリイデルマイマイ
貝類,オオシママイマイ(亜種)
貝類,オオシマムシオイガイ
貝類,オオスミウスカワマイマイ
貝類,オオスミビロウドマイマイ
貝類,オオスミヤマキサゴ
貝類,オオタキキビ(亜種)
貝類,オオタキコキビ
貝類,オオタキコギセル
貝類,オオタキマイマイ(亜種)
貝類,オオタニシ
貝類,オオツヤマイマイ(亜種)
貝類,オオトノサマギセル
貝類,オオノガイ
貝類,オオノゴマガイ
貝類,オオヒラベッコウ
貝類,オオヒルゲンドルフマイマイ
貝類,オオベソナタネ
貝類,オオベソマイマイ
貝類,オオマオオベソマイマイ
貝類,オオミケマイマイ
貝類,オオムシオイガイ
貝類,オオヤマタニシ
貝類,オカイシマキガイ
貝類,オカクチキレガイ
貝類,オカチョウジガイ
貝類,オカミミガイ
貝類,オカムラムシオイガイ
貝類,オカモノアラガイ
貝類,オガサワラオカモノアラガイ
貝類,オガサワラカワニナ
貝類,オガサワラヤマキサゴ
貝類,オキギセル(亜種)
貝類,オキゴマガイ
貝類,オキシジミ
貝類,オキシメクチマイマイ
貝類,オキナガイ
貝類,オキナワウスカワマイマイ(亜種)
貝類,オキナワギセル
貝類,オキナワドブシジミ
貝類,オキナワヒメオカモノアラガイ(亜種)
貝類,オキナワベッコウ
貝類,オキナワミズゴマツボ
貝類,オキナワヤマキサゴ(亜種)
貝類,オキナワヤマタカマイマイ
貝類,オキナワヤマタニシ(亜種)
貝類,オキニシキマイマイ
貝類,オキノエラブギセル
貝類,オキノエラブヤマタカマイマイ
貝類,オキノエラブヤマトガイ
貝類,オキノクニキビ
貝類,オキノシマキビ
貝類,オキノシマシロマイマイ
貝類,オキヒラシイノミガイ
貝類,オキビロウドマイマイ
貝類,オキマイマイ
貝類,オキモドキギセル
貝類,オクガタギセル
貝類,オクジリギセル
貝類,オグラヌマガイ
貝類,オジマヒダリマキゴマガイ
貝類,オゼマイマイ
貝類,オチバガイ
貝類,オトコタテボシガイ
貝類,オトメマイマイ
貝類,オナガラムシオイガイ
貝類,オナジマイマイ
貝類,オナジマイマイモドキ
貝類,オバエボシガイ
貝類,オモイガケナマイマイ
貝類,オモロヤマタカマイマイ
貝類,オンセンミズゴマツボ
貝類,カガキビ
貝類,カガワゴマガイ
貝類,カギヒダギセル
貝類,カゴシマノミギセル
貝類,カゴメカワニナ
貝類,カサキビ(亜種)
貝類,カサネシタラガイ
貝類,カザアナギセル
貝類,カシノメガイ
貝類,カスガコギセル
貝類,カズマキノミギセル
貝類,カズマキベッコウ
貝類,カタギセル
貝類,カタシイノミミミガイ
貝類,カタハガイ
貝類,カタマイマイ
貝類,カタマメマイマイ
貝類,カタヤマガイ
貝類,カトウナタネ
貝類,カドコオオベソマイマイ
貝類,カドシタノミギセル
貝類,カドバリオトメマイマイ
貝類,カドバリニッポンマイマイ
貝類,カドヒメベッコウ
貝類,カドヒラマキガイ
貝類,カドマルウロコケマイマイ
貝類,カナマルマイマイ
貝類,カネツケシジミ
貝類,カノコガイ
貝類,カバクチカノコガイ
貝類,カミングフネアマガイ
貝類,カモハラギセル
貝類,カラスガイ(亜種)
貝類,カワアイガイ
貝類,カワグチツボ
貝類,カワグチレンズガイ
貝類,カワコザラガイ
貝類,カワザンショウガイ
貝類,カワシンジュガイ
貝類,カワナビロウドマイマイ
貝類,カワニナ
貝類,カワネジガイ
貝類,カワヒバリガイ
貝類,カワムラケマイマイ
貝類,カワムラマメシジミ
貝類,カワモトギセル
貝類,カワリダネビロウドマイマイ
貝類,カンダベッコウ
貝類,カンダマイマイ
貝類,カントウビロウドマイマイ
貝類,カントウベッコウ
貝類,カンムリケマイマイ
貝類,カンムリレンズガイ
貝類,キイオオベソマイマイ
貝類,キイキビ
貝類,キイゴマガイ
貝類,キイツムガタギセル(亜種)
貝類,キイロナメクジ
貝類,キカイウスカワマイマイ
貝類,キカイオオシママイマイ
貝類,キカイキセルガイモドキ
貝類,キカイキビ
貝類,キカイノミギセル
貝類,キカイヤマタニシ
貝類,キサキコミズシタダミ
貝類,キセルガイモドキ
貝類,キタノビロウドマイマイ
貝類,キヌカツギハマシイノミガイ
貝類,キヌツヤベッコウ
貝類,キヌハダギセル
貝類,キヌビロウドマイマイ(亜種)
貝類,キヌメハマシイノミガイ
貝類,キノボリカタマイマイ
貝類,キバウミニナ
貝類,キバサナギガイ
貝類,キビガイ
貝類,キュウシュウケマイマイ(亜種)
貝類,キュウシュウゴマガイ
貝類,キュウシュウシロマイマイ(亜種)
貝類,キュウシュウナミコギセル
貝類,キョウトギセル
貝類,キョウトシタラガイ
貝類,キヨスミビロウドマイマイ
貝類,キリシママイマイ
貝類,キンチャクギセル
貝類,ギューリキギセル(亜種)
貝類,ギューリキマイマイ
貝類,クサカキノミギセル
貝類,クサレギセル
貝類,クシケマスホウガイ
貝類,クシロキバサナギガイ
貝類,クチキレムシオイガイ
貝類,クチジロビロウドマイマイ
貝類,クチバガイ
貝類,クチヒダエンザガイ
貝類,クチビラキムシオイガイ
貝類,クチベニマイマイ
貝類,クチマガリスナガイ
貝類,クチマガリマイマイ
貝類,クニガミゴマガイ(亜種)
貝類,クニノギセル
貝類,クノウマイマイ
貝類,クビキレガイ
貝類,クビキレガイモドキ
貝類,クビナガギセル
貝類,クビナガムシオイガイ
貝類,クビマキムシオイガイ
貝類,クビレイトウムシオイガイ
貝類,クマドリオトメマイマイ
貝類,クマドリヤマタカマイマイ
貝類,クメジマゴマガイ
貝類,クメジママイマイ
貝類,クリイロカワザンショウガイ
貝類,クリイロキセルガイモドキ
貝類,クリイロコミミガイ
貝類,クリイロベッコウ
貝類,クルマナタネ
貝類,クルマヒラマキガイ(レンズヒラマキガイ)
貝類,クレゴマガイ
貝類,クロイワオオケマイマイ
貝類,クロイワヒダリマキマイマイ
貝類,クロイワマイマイ(亜種)
貝類,クロオトメマイマイ
貝類,クロオビオトメマイマイ
貝類,クロシマギセル
貝類,クロシマベッコウ
貝類,クロズギセル
貝類,クロダアツクチムシオイガイ
貝類,クロダカワニナ
貝類,クロチビギセル(亜種)
貝類,クロヒラシイノミガイ
貝類,クロヒラマキガイ
貝類,クロヘナタリガイ
貝類,クロマイマイ(亜種)
貝類,クンチャンマイマイ
貝類,グゥドベッコウ
貝類,ケシガイ
貝類,ケショウギセル
貝類,ケショウマイマイ
貝類,ケハダシワクチマイマイ
貝類,ケハダビロウドマイマイ
貝類,ケハダヤマトガイ
貝類,ケブカヤマトガイ
貝類,コウダカシロマイマイ
貝類,コウツムシオイガイ
貝類,コウニケマイマイ
貝類,コウフオカモノアラガイ
貝類,コウベマイマイ(亜種)
貝類,コウモリミミガイ
貝類,コウロエンカワヒバリガイ
貝類,コウロマイマイ
貝類,コオオベソマイマイ
貝類,コオキナガイ
貝類,コオトメマイマイ
貝類,コガネマイマイ(亜種)
貝類,コガラヨシワラヤマキサゴ
貝類,コケハダシワクチマイマイ
貝類,コケマイマイ
貝類,コケラマイマイ
貝類,コゲツノブエガイ
貝類,ココロマイマイ
貝類,コシキオオヒラベッコウ
貝類,コシキコウベマイマイ
貝類,コシキジマギセル
貝類,コシキフリイデルマイマイ
貝類,コシタカコベソマイマイ
貝類,コシタカシタラガイ
貝類,コシダカヒメベッコウ
貝類,コシダカヒメモノアラガイ
貝類,コシボソギセル(亜種)
貝類,コシボソゴマガイ
貝類,コスジキビ
貝類,コスジギセル
貝類,コダマコギセル
貝類,コハクオカミミガイ
貝類,コハクオナジマイマイ
貝類,コハクカノコガイ
貝類,コハクガイ
貝類,コハクモドキ
貝類,コハゲギセル
貝類,コハラブトギセル
貝類,コバンナリマメシジミ
貝類,コビトオオベソマイマイ
貝類,コビトノボウシザラガイ
貝類,コベソマイマイ(亜種)
貝類,コベルトゴマガイ
貝類,コメツブダワラガイ
貝類,コンゴウクリイロベッコウ
貝類,コンボウギセル(亜種)
貝類,ゴシキカノコガイ
貝類,ゴトウコウベマイマイ
貝類,ゴトウゴマガイ
貝類,ゴマオカタニシ
貝類,ゴマガイ
貝類,サイコクビロウドマイマイ
貝類,サカヅキノミギセル
貝類,サカマキオカミミガイ
貝類,サカマキガイ
貝類,サキシマノミギセル
貝類,サキシマヒシマイマイ
貝類,ササノハガイ
貝類,ササミケマイマイ
貝類,サダミマイマイ
貝類,サチマイマイ
貝類,サッポロコギセル
貝類,サッポロマイマイ
貝類,サツマオカチョウジガイ
貝類,サツマクリイロカワザンショウ
貝類,サツマヒメカサキビ
貝類,サツマムシオイガイ(亜種)
貝類,サドキビ
貝類,サドギセル
貝類,サドタカキビ
貝類,サドマイマイ
貝類,サドムシオイガイ
貝類,サドヤマトガイ
貝類,サナギガイ
貝類,サンインコベソマイマイ
貝類,サンインマイマイ(亜種)
貝類,ザレギセル(亜種)
貝類,シイノミミミガイ(亜種)
貝類,シイボルトコギセル
貝類,シゲオマイマイ
貝類,シコクオトメマイマイ
貝類,シコクケマイマイ
貝類,シコクゴマガイ(亜種)
貝類,シコクタケノコギセル
貝類,シコクビロウドマイマイ
貝類,シコクベッコウ
貝類,シタヅキギセル
貝類,シチトウタカキビ
貝類,シチトウベッコウ
貝類,シボリガイ
貝類,シマカノコガイ
貝類,シマケルギセル
貝類,シマコオオベソマイマイ
貝類,シマヘナタリガイ
貝類,シメクチマイマイ
貝類,シモキタシブキツボ
貝類,シモダマイマイ
貝類,シモチキバサナギガイ
貝類,シュリケマイマイ
貝類,シュリマイマイ(亜種)
貝類,ショウドシマギセル
貝類,シライシカワニナ
貝類,シラブビロウドマイマイ
貝類,シリオレギセル
貝類,シリオレトノサマギセル
貝類,シリコケゴマガイ
貝類,シリブトオカチョウジガイ
貝類,シリブトギセル
貝類,シリブトゴマガイ
貝類,シリボソギセル
貝類,シロハダギセル
貝類,シロバリギセル
貝類,シロマイマイ
貝類,シンチュウギセル
貝類,ジタロウマイマイ
貝類,スカシベッコウ
貝類,スギモトギセル(亜種)
貝類,スクミリンゴガイ(ジャンボタニシ)
貝類,スグカワニナ
貝類,スグヒダギセル
貝類,スジイリカワコザラガイ
貝類,スジキビ
貝類,スジケシガイ
貝類,スジハマシイノミガイ
貝類,スタアンズギセル(亜種)
貝類,スナガイ(亜種)
貝類,スベスベヤマキサゴ
貝類,スミスオトメマイマイ
貝類,スルガギセル
貝類,セタシジミ
貝類,セッツキビ
貝類,セトウチマイマイ
貝類,ゼイギセル(亜種)
貝類,ソウジマミジンマイマイ
貝類,ソコカドゴマガイ
貝類,ソコスジカサキビ
貝類,ソトオリガイ
貝類,ソトバウチマキノミギセル
貝類,ソナレガイ
貝類,ソメワケダワラガイ
貝類,ゾウゲツヤノミギセル
貝類,タイシャクギセル
貝類,タイリュウジゴマガイ
貝類,タイワンカワニナ
貝類,タイワンシジミ(亜種)
貝類,タイワンヒルギシジミ
貝類,タイワンモノアラガイ
貝類,タカカサマイマイ
貝類,タカキビ(亜種)
貝類,タカハシベッコウ
貝類,タカヒデマイマイ
貝類,タキカワオオベソマイマイ
貝類,タキギセル
貝類,タケシマカワニナ
貝類,タケノコカワニナ
貝類,タケノコギセル
貝類,タシナミオトメマイマイ(亜種)
貝類,タシママイマイ
貝類,タダアツブタムシオイガイ
貝類,タダムシオイガイ
貝類,タテヒダカワニナ
貝類,タテボシガイ
貝類,タナカキビ
貝類,タネガシマアツブタガイ
貝類,タネガシマギセル
貝類,タネガシマゴマガイ(亜種)
貝類,タネガシマヒメベッコウ
貝類,タネガシママイマイ
貝類,タネガシマムシオイ
貝類,タビトギセル
貝類,タブキギセル
貝類,タマキビ
貝類,タママイマイ
貝類,タメトモマイマイ(亜種)
貝類,タラマケマイマイ
貝類,タラマノミギセル
貝類,タワラガイ
貝類,タンザワキビ
貝類,ダイシキセルガイモドキ
貝類,ダイトウジマスナガイ
貝類,ダイトウノミギセル
貝類,ダコスタマイマイ(亜種)
貝類,ダテカワザンショウガイ
貝類,ダンジョキセルガイモドキ
貝類,ダンジョゴマガイ
貝類,ダンジョベッコウ
貝類,ダンジョマイマイ
貝類,ダンジョレンズガイ
貝類,チイサギセル
貝類,チクヤケマイマイ(亜種)
貝類,チシマコハクガイ
貝類,チチジマエンザガイ
貝類,チチジマキセルガイモドキ
貝類,チチジマスナガイ
貝類,チビギセル
貝類,チビノミギセル
貝類,チビハマシイノミガイ
貝類,チビマメシジミ
貝類,チャイロキセルガイモドキ
貝類,チャイロノミギセル
貝類,チャイロマイマイ
貝類,チャコウラナメクジ
貝類,チュウシコギセル(亜種)
貝類,チュウゼンジギセル
貝類,チリメンカワニナ
貝類,チリメンマイマイ
貝類,ツクシキビ
貝類,ツクシナタネ
貝類,ツクシマイマイ(亜種)
貝類,ツクバビロウドマイマイ
貝類,ツシマギセル(亜種)
貝類,ツシマケマイマイ
貝類,ツシマゴマガイ
貝類,ツシマナガキビ
貝類,ツシマベッコウ
貝類,ツシマムシオイガイ
貝類,ツノイロヒメベッコウ
貝類,ツバキカドマイマイ
貝類,ツバクロイワギセル
貝類,ツバサカノコガイ
貝類,ツブカワザンショウガイ
貝類,ツボミガイ
貝類,ツミヤママイマイ
貝類,ツムガタギセル
貝類,ツムガタノミギセル
貝類,ツムガタモドキギセル
貝類,ツメギセル
貝類,ツヤカサマイマイ
貝類,ツヤギセル(亜種)
貝類,ツヤノミギセル
貝類,ツヤハマシイノミガイ
貝類,ツヤマイマイ
貝類,ツルガマイマイ
貝類,ツルギサンゴマガイ
貝類,ツルギサンマイマイ
貝類,テラマチベッコウ
貝類,テンスジオカモノアラガイ
貝類,デールギセル
貝類,トウカイビロウドマイマイ(亜種)
貝類,トウカイヤマトガイ
貝類,トウガタカワニナ
貝類,トウガタゴマガイ(亜種)
貝類,トウガタノミガイ
貝類,トウガタホソマイマイ
貝類,トウキョウコオオベソマイマイ
貝類,トウキョウヒラマキガイ
貝類,トウギセル
貝類,トウゲンムシオイガイ
貝類,トカラコギセル
貝類,トガリキビ
貝類,トクサオカチョウジガイ
貝類,トクサギセル
貝類,トクネニヤダマシギセル
貝類,トクノシマアズキガイ
貝類,トクノシマオオベソマイマイ
貝類,トクノシマギセル
貝類,トクノシマケハダシワクチマイマイ
貝類,トクノシマケマイマイ
貝類,トクノシマゴマガイ
貝類,トクノシマツムガタノミギセル
貝類,トクノシマビロウドマイマイ
貝類,トクノシマベッコウ
貝類,トクノシマムシオイガイ(亜種)
貝類,トクノシマヤマタカマイマイ
貝類,トクノシマヤマトガイ(亜種)
貝類,トサキビ
貝類,トサギセル(亜種)
貝類,トサゴマガイ(亜種)
貝類,トサシリボソギセル
貝類,トサビロウドマイマイ
貝類,トサマイマイ
貝類,トノサマギセル
貝類,トビシママメマイマイ
貝類,トライオンギセル
貝類,トライオンノミガイ
貝類,トリコハマシイノミガイ
貝類,トンガリササノハガイ(亜種)
貝類,ドブガイ
貝類,ドブシジミ
貝類,ドングリガノコガイ
貝類,ナカセコカワニナ
貝類,ナカダコギセル
貝類,ナカダチギセル
貝類,ナカダノミガイ
貝類,ナカノシマノミギセル
貝類,ナカムラギセル
貝類,ナカヤママイマイ
貝類,ナガオカミミガイ
貝類,ナガオカモノアラガイ
貝類,ナガケシガイ
貝類,ナガシリホソマイマイ
貝類,ナガタニシ
貝類,ナガナタネガイ
貝類,ナガヤマヤマツボ
貝類,ナギサノシタタリガイ
貝類,ナズミガイ
貝類,ナタネガイ
貝類,ナタネガイモドキ
貝類,ナタネキバサナギガイ(亜種)
貝類,ナタネミズツボ
貝類,ナタマメギセル
貝類,ナチマイマイ
貝類,ナナツガマホラアナミジンニナ
貝類,ナナツガマミジンツボ
貝類,ナハキビ
貝類,ナミギセル(亜種)
貝類,ナミコギセル(亜種)
貝類,ナミハダギセル
貝類,ナミヒメベッコウ(亜種)
貝類,ナミマイマイ
貝類,ナメクジ
貝類,ナラビオカミミガイ
貝類,ナラビヒダギセル
貝類,ナンピギセル
貝類,ナンブマイマイ
貝類,ニイジマシタラガイ
貝類,ニオヤカマイマイ
貝類,ニクイロシブキツボ(亜種)
貝類,ニシキキセルガイモドキ(亜種)
貝類,ニシキコギセル
貝類,ニシノシマギセル
貝類,ニセノミギセル
貝類,ニセマガキ
貝類,ニセマツカサガイ
貝類,ニッコウオオベソマイマイ
貝類,ニッコウヒラベッコウ
貝類,ニッポンマイマイ(亜種)
貝類,ニハタズミハマシイノミガイ
貝類,ニホンケシガイ
貝類,ニホンマメシジミ
貝類,ニホンミズシタダミ
貝類,ニヨリゴマガイ
貝類,ヌノビキケマイマイ
貝類,ヌノメカタマイマイ
貝類,ヌノメカワニナ(亜種)
貝類,ヌノメシロマイマイ
貝類,ヌノメニッポンマイマイ
貝類,ヌノメハマシイノミガイ
貝類,ヌマコダキガイ
貝類,ヌメクビムシオイガイ
貝類,ネジヒダカワニナ
貝類,ネニヤダマシギセル
貝類,ネムリゴマガイ
貝類,ノトマイマイ
貝類,ノナメクジ
貝類,ノハライシノシタ
貝類,ノハラナメクジ
貝類,ノミガイ
貝類,ノミギセル
貝類,ノミゴマガイ
貝類,ハイイロマメシジミ
貝類,ハクサンケマイマイ
貝類,ハクサンベッコウ
貝類,ハクサンマイマイ(亜種)
貝類,ハゲギセル(亜種)
貝類,ハコダテヤマキサゴ
貝類,ハコネギセル
貝類,ハコネヒメベッコウ
貝類,ハコネマイマイ
貝類,ハジメテビロウドマイマイ
貝類,ハスヒダギセル
貝類,ハタケダマイマイ(亜種)
貝類,ハダカアツブタガイ
貝類,ハダカケマイマイ
貝類,ハチジョウキセルガイモドキ
貝類,ハチジョウキバサナギガイ
貝類,ハチジョウキビ
貝類,ハチジョウケシガイ
貝類,ハチジョウナタネ
貝類,ハチジョウノミギセル
貝類,ハチジョウヒメベッコウ
貝類,ハチノコギセル
貝類,ハナガスミカノコガイ
貝類,ハナグモリガイ
貝類,ハナコギセル
貝類,ハナシサナギガイ
貝類,ハナレシタラガイ
貝類,ハハジマキセルガイモドキ
貝類,ハハジマヒメベッコウ(亜種)
貝類,ハハジマヤマキサゴ
貝類,ハブタエギセル
貝類,ハブタエヒラマキガイ
貝類,ハブタエモノアラガイ
貝類,ハベカワニナ
貝類,ハベマメシジミ
貝類,ハマシイノミガイ
貝類,ハマダモノアラガイ
貝類,ハラブトギセル
貝類,ハラブトゴマガイ
貝類,ハラブトノミギセル
貝類,ハリマキビ
貝類,ハリマナタネ
貝類,ハリママイマイ
貝類,ハリマムシオイガイ(亜種)
貝類,ハンジロギセル(亜種)
貝類,ハンミガキゴマガイ
貝類,パツラマイマイ
貝類,パンダナマイマイ(亜種)
貝類,ヒカリギセル
貝類,ヒクギセル
貝類,ヒゲマキシイノミミミガイ
貝類,ヒゴコンボウギセル
貝類,ヒゴフリイデルマイマイ
貝類,ヒシカタマイマイ
貝類,ヒゼンオトメマイマイ
貝類,ヒゼンキビ
貝類,ヒタチビロウドマイマイ
貝類,ヒタチマイマイ(亜種)
貝類,ヒダゴマガイ
貝類,ヒダリマキゴマガイ(亜種)
貝類,ヒダリマキマイマイ(亜種)
貝類,ヒダリマキモノアラガイ
貝類,ヒヅメガイ
貝類,ヒメウズラタマキビガイ
貝類,ヒメオオタキキビ
貝類,ヒメオカマメタニシ
貝類,ヒメオカモノアラガイ
貝類,ヒメカサキビ(亜種)
貝類,ヒメカタマイマイ
貝類,ヒメカドエンザガイ
貝類,ヒメギセル(亜種)
貝類,ヒメコギセル
貝類,ヒメコハクガイ
貝類,ヒメコハクモドキ
貝類,ヒメシイノミミミガイ
貝類,ヒメシロギセル
貝類,ヒメタニシ
貝類,ヒメタマゴマイマイ
貝類,ヒメトサゴマガイ(亜種)
貝類,ヒメナミギセル
貝類,ヒメハリマキビ
貝類,ヒメヒラシイノミガイ
貝類,ヒメヒラマキミズマイマイ
貝類,ヒメビロウドマイマイ
貝類,ヒメベッコウガイ
貝類,ヒメマイマイ
貝類,ヒメマルマメタニシ
貝類,ヒメムシオイガイ
貝類,ヒメモノアラガイ
貝類,ヒメヤコビギセル
貝類,ヒメヤマグルマガイ
貝類,ヒメユリヤマタカマイマイ
貝類,ヒラオオキビ
貝類,ヒラオオケマイマイ
貝類,ヒラケマイマイ
貝類,ヒラコウベマイマイ
貝類,ヒラコウラベッコウガイ
貝類,ヒラコハクガイ
貝類,ヒラコベソマイマイ
貝類,ヒラシタラガイ
貝類,ヒラセアツブタガイ(亜種)
貝類,ヒラセキセルガイモドキ(亜種)
貝類,ヒラドオトメマイマイ
貝類,ヒラドギセル
貝類,ヒラドマルナタネ
貝類,ヒラベッコウガイ
貝類,ヒラマイマイ(亜種)
貝類,ヒラマキアマオブネガイ
貝類,ヒラマキガイモドキ
貝類,ヒラマキビロウドマイマイ
貝類,ヒラマキミズマイマイ
貝類,ヒルグチギセル
貝類,ヒルゲンドルフマイマイ(亜種)
貝類,ヒロクチカノコガイ
貝類,ヒロクチコギセル
貝類,ヒロクチソトオリガイ
貝類,ビワコドブシジミ
貝類,ビワコミズシタダミ
貝類,ピルスブリギセル
貝類,ピルスブリムシオイ
貝類,ピントノミギセル
貝類,フカシマコベソマイマイ
貝類,フクイシブキツボ
貝類,フクイマメシジミ
貝類,フクダゴマオカタニシ
貝類,フチマルオオベソマイマイ(亜種)
貝類,フトキセルガイモドキ(亜種)
貝類,フトヘナタリガイ(亜種)
貝類,フナトウアズキガイ
貝類,フネアマガイ
貝類,フネドブガイ
貝類,フリイデルマイマイ(亜種)
貝類,フルトンギセル
貝類,ブドウマイマイ
貝類,ヘグラマイマイ
貝類,ヘソアキアツマイマイ
貝類,ヘソアキコミミガイ
貝類,ヘソカドガイ
貝類,ヘソカドケマイマイ
貝類,ヘタナリエンザガイ
貝類,ヘナタリガイ
貝類,ヘリトリケマイマイ
貝類,ベッコウフネアマガイ
貝類,ベッコウマイマイ
貝類,ベニゴマオカタニシ
貝類,ベニゴマガイ
貝類,ベニムシオイガイ
貝類,ホウヨギセル
貝類,ホウライジギセル
貝類,ホシヤマビロウドマイマイ
貝類,ホソウチマキノミギセル
貝類,ホソウミニナ
貝類,ホソオカチョウジガイ
貝類,ホソキセルガイモドキ
貝類,ホソハマシイノミガイ
貝類,ホソヒメギセル
貝類,ホソマキカワニナ
貝類,ホソヤカギセル
貝類,ホトトギスガイ
貝類,ホラアナゴマオカチグサガイ
貝類,ホラアナミジンニナ
貝類,ホリマイマイ
貝類,ホンブレイキマイマイ
貝類,ボニンキビ
貝類,ボニンスナガイ
貝類,マガキ
貝類,マキスジコミミガイ
貝類,マキスジベッコウ
貝類,マキスジヤマキサゴ
貝類,マキゾメガイ
貝類,マサキベッコウ
貝類,マシジミ
貝類,マダラヒラシイノミガイ
貝類,マツカサガイ
貝類,マツシマギセル
貝類,マツシマクチミゾガイ
貝類,マドモチウミニナ
貝類,マメシジミ
貝類,マメタニシ
貝類,マメヒロベソマイマイ
貝類,マメマイマイ(亜種)
貝類,マヤサンマイマイ
貝類,マルウズラタマキビガイ
貝類,マルオカチョウジガイ
貝類,マルキビ
貝類,マルクチコギセル
貝類,マルクチゴマガイ
貝類,マルクボエンザガイ
貝類,マルシタラガイ
貝類,マルタニシ
貝類,マルテンスオオベソマイマイ(亜種)
貝類,マルドブガイ
貝類,マルナタネガイ
貝類,マルニッポンマイマイ
貝類,マンガルツボ
貝類,マングローブアマガイ
貝類,ミカヅキノミギセル
貝類,ミカドギセル
貝類,ミカワギセル
貝類,ミカワマイマイ
貝類,ミサキギセル
貝類,ミシマヒメベッコウ
貝類,ミジンサナギガイ
貝類,ミジンナタネ
貝類,ミジンマイマイ
貝類,ミジンヤマタニシ
貝類,ミスジマイマイ(亜種)
貝類,ミズイロオオベソマイマイ
貝類,ミズコハクガイ
貝類,ミズゴマツボ
貝類,ミズシタダミ
貝類,ミチノクマイマイ
貝類,ミツクリギセル
貝類,ミドリベッコウ
貝類,ミドリマイマイ
貝類,ミニビロウドマイマイ
貝類,ミノブマイマイ
貝類,ミヤケチャイロマイマイ
貝類,ミヤコオカチグサガイ
貝類,ミヤコオキナワギセル
貝類,ミヤコオトメマイマイ
貝類,ミヤコゴマガイ
貝類,ミヤコダワラガイ
貝類,ミヤコベッコウ
貝類,ミヤコムシオイガイ
貝類,ミヤコヤマタニシ
貝類,ミヤザキギセル
貝類,ミヤザキムシオイガイ
貝類,ミヤマオオベソマイマイ
貝類,ミヤマヒダリマキマイマイ(亜種)
貝類,ミヨシギセル
貝類,ムコウジマコギセル
貝類,ムシオイガイ
貝類,ムシヤドリカワザンショウガイ
貝類,ムチカワニナ
貝類,ムツヒダリマキマイマイ(亜種)
貝類,ムラクモカノコガイ
貝類,ムラヤママイマイ
貝類,ムロマイマイ
貝類,メシマコギセル
貝類,メシマベッコウ
貝類,メルレンドルフマイマイ(亜種)
貝類,メンカラスガイ
貝類,モジャモジャヤマトガイ
貝類,モノアラガイ
貝類,モリカワニナ
貝類,モリサキオオベソマイマイ
貝類,モリサキギセル
貝類,モリヤギセル
貝類,ヤエヤマアツブタガイ
貝類,ヤエヤマクチミゾガイ
貝類,ヤエヤマゴマガイ
貝類,ヤエヤマノミギセル
貝類,ヤエヤマヒラセアツブタガイ
貝類,ヤエヤマヒルギシジミ
貝類,ヤエヤマヤマキサゴ
貝類,ヤエヤマヤマタニシ
貝類,ヤギヅノマイマイ
貝類,ヤクシマゴマガイ
貝類,ヤクシマシタラガイ
貝類,ヤクシマヒメベッコウ
貝類,ヤクシマベッコウ
貝類,ヤクシママイマイ
貝類,ヤクシマヤマクルマガイ
貝類,ヤクスギイトカケノミギセル
貝類,ヤグラギセル
貝類,ヤコビギセル
貝類,ヤコビマイマイ
貝類,ヤサガタイトウムシオイガイ
貝類,ヤセアナナシマイマイ
貝類,ヤセオキナワヤマキサゴ
貝類,ヤセキセルガイモドキ
貝類,ヤノムシオイガイ
貝類,ヤマガマイマイ
貝類,ヤマキサゴ
貝類,ヤマクルマガイ(亜種)
貝類,ヤマコウラナメクジ
貝類,ヤマタカマイマイ
貝類,ヤマタニシ
貝類,ヤマトカワニナ(チクブカワニナ)
貝類,ヤマトキバサナギガイ
貝類,ヤマトクビキレガイ
貝類,ヤマトゴマガイ
貝類,ヤマトシジミ
貝類,ヤマナメクジ
貝類,ヤマヒタチオビ
貝類,ヤマボタルガイ
貝類,ヤママメタニシ
貝類,ヤンバルマイマイ
貝類,ユキタノミギセル
貝類,ヨシカワニナ
貝類,ヨシダカワザンショウガイ
貝類,ヨナクニアツブタガイ
貝類,ヨナクニカタヤマガイ
貝類,ヨナクニゴマガイ
貝類,ヨナクニダワラガイ
貝類,ヨナクニマイマイ
貝類,ヨワノミギセル
貝類,ラッパガイ
貝類,リシケオトメマイマイ
貝類,リュウキュウウミニナ
貝類,リュウキュウカドベッコウ
貝類,リュウキュウキセルガイモドキ
貝類,リュウキュウギセル
貝類,リュウキュウゴマオカタニシ
貝類,リュウキュウゴマガイ
貝類,リュウキュウノミガイ
貝類,リュウキュウヒダリマキマイマイ
貝類,リュウキュウヒルギシジミ
貝類,リュウキュウヤマタニシ
貝類,レンズガイ
貝類,ワカウラツボ
貝類,ワシオゴマガイ
淡水魚類,アオウオ
淡水魚類,アカオビシマハゼ
淡水魚類,アカザ
淡水魚類,アカヒレタビラ
淡水魚類,アカメ
淡水魚類,アシシロハゼ
淡水魚類,アジメドジョウ
淡水魚類,アブラハヤ
淡水魚類,アブラヒガイ
淡水魚類,アブラボテ
淡水魚類,アベハゼ
淡水魚類,アマゴ
淡水魚類,アメマス
淡水魚類,アメリカナマズ
淡水魚類,アユ
淡水魚類,アユモドキ
淡水魚類,イサザ
淡水魚類,イシカリワカサギ
淡水魚類,イシカワシラウオ
淡水魚類,イシガレイ
淡水魚類,イシドジョウ
淡水魚類,イセゴイ（ハイレン）
淡水魚類,イチモンジタナゴ
淡水魚類,イッセンヨウジ
淡水魚類,イトウ
淡水魚類,イトモロコ
淡水魚類,イトヨ
淡水魚類,イドミミズハゼ
淡水魚類,イバラトミヨ
淡水魚類,イワトコナマズ
淡水魚類,イワナ
淡水魚類,イワメ
淡水魚類,ウキゴリ
淡水魚類,ウキゴリ（淡水型）
淡水魚類,ウグイ
淡水魚類,ウケクチウグイ
淡水魚類,ウツセミカジカ
淡水魚類,ウナギ
淡水魚類,ウロハゼ
淡水魚類,エゾイワナ
淡水魚類,エゾウグイ
淡水魚類,エゾトミヨ
淡水魚類,エゾハナカジカ
淡水魚類,エゾホトケドジョウ
淡水魚類,エドハゼ
淡水魚類,オイカワ
淡水魚類,オオウナギ
淡水魚類,オオキンブナ
淡水魚類,オオクチバス
淡水魚類,オオクチユゴイ
淡水魚類,オオヨシノボリ
淡水魚類,オカメハゼ
淡水魚類,オショロコマ
淡水魚類,オヤニラミ
淡水魚類,カジカ
淡水魚類,カダヤシ
淡水魚類,カネヒラ
淡水魚類,カマキリ
淡水魚類,カマツカ
淡水魚類,カムルチー
淡水魚類,カライワシ
淡水魚類,カラフトマス
淡水魚類,カワアナゴ
淡水魚類,カワスズメ
淡水魚類,カワバタモロコ
淡水魚類,カワヒガイ
淡水魚類,カワマス
淡水魚類,カワムツ
淡水魚類,カワヤツメ
淡水魚類,カワヨウジ
淡水魚類,カワヨシノボリ
淡水魚類,カンキョウカジカ
淡水魚類,キセルハゼ
淡水魚類,キチヌ（キビレ）
淡水魚類,キュウリウオ
淡水魚類,キリクチ
淡水魚類,キンブナ
淡水魚類,ギギ
淡水魚類,ギバチ
淡水魚類,ギンガメアジ
淡水魚類,ギンザケ
淡水魚類,ギンブナ
淡水魚類,クサフグ
淡水魚類,クボハゼ
淡水魚類,クルメサヨリ
淡水魚類,クロダイ
淡水魚類,クロホシマンジュウダイ
淡水魚類,クロヨシノボリ
淡水魚類,グッピー
淡水魚類,ゲンゴロウブナ
淡水魚類,コイ
淡水魚類,コウライニゴイ
淡水魚類,コウライモロコ
淡水魚類,コクチバス
淡水魚類,コクレン
淡水魚類,コトヒキ
淡水魚類,コボラ
淡水魚類,コンジキハゼ
淡水魚類,ゴギ
淡水魚類,ゴクラクハゼ
淡水魚類,ゴマフエダイ
淡水魚類,サクラマス
淡水魚類,サケ
淡水魚類,サツキマス
淡水魚類,サヨリ
淡水魚類,シナイモツゴ
淡水魚類,シナノユキマス
淡水魚類,シベリアヤツメ
淡水魚類,シマイサキ
淡水魚類,シマウキゴリ（中流型）
淡水魚類,シマドジョウ
淡水魚類,シマハゼ
淡水魚類,シマヨシノボリ
淡水魚類,シモフリシマハゼ
淡水魚類,シラウオ
淡水魚類,シロウオ
淡水魚類,シロヒレタビラ
淡水魚類,シンジコハゼ
淡水魚類,ジュズカケハゼ
淡水魚類,ジルティラピア
淡水魚類,スゴモロコ
淡水魚類,スジシマドジョウ
淡水魚類,スジシマドジョウ中型種
淡水魚類,スジシマドジョウ小型種
淡水魚類,スジシマドジョウ小型種山陽型
淡水魚類,スジシマドジョウ小型種東海型
淡水魚類,スジシマドジョウ小型種点小型
淡水魚類,スジシマドジョウ小型種琵琶湖型
淡水魚類,スズキ
淡水魚類,スナヤツメ
淡水魚類,スミウキゴリ（汽水型）
淡水魚類,ズナガニゴイ
淡水魚類,セスジボラ
淡水魚類,ゼゼラ
淡水魚類,ゼニタナゴ
淡水魚類,ソウギョ
淡水魚類,タイリクバラタナゴ
淡水魚類,タイワンドジョウ
淡水魚類,タウナギ
淡水魚類,タカハヤ
淡水魚類,タナゴ
淡水魚類,タネカワハゼ
淡水魚類,タビラ
淡水魚類,タビラクチ
淡水魚類,タモロコ
淡水魚類,チクゼンハゼ
淡水魚類,チチブ
淡水魚類,チチブモドキ
淡水魚類,チョウザメ
淡水魚類,チョウセンブナ
淡水魚類,ツチフキ
淡水魚類,ティラピア
淡水魚類,テングヨウジ
淡水魚類,デメモロコ
淡水魚類,トウヨシノボリ
淡水魚類,トビハゼ
淡水魚類,トミヨ
淡水魚類,ドウクツミミズハゼ
淡水魚類,ドジョウ
淡水魚類,ドロクイ
淡水魚類,ドンコ
淡水魚類,ナイルティラピア（イズミダイ）
淡水魚類,ナガブナ
淡水魚類,ナガレホトケドジョウ
淡水魚類,ナマズ
淡水魚類,ニゴイ
淡水魚類,ニゴロブナ
淡水魚類,ニシン
淡水魚類,ニジマス
淡水魚類,ニッコウイワナ
淡水魚類,ヌマガレイ
淡水魚類,ヌマチチブ
淡水魚類,ヌマムツ
淡水魚類,ネコギギ
淡水魚類,ハクレン
淡水魚類,ハス
淡水魚類,ハナカジカ
淡水魚類,ハリヨ
淡水魚類,バラタナゴ
淡水魚類,ヒイラギ
淡水魚類,ヒガイ
淡水魚類,ヒナハゼ
淡水魚類,ヒメハゼ
淡水魚類,ヒメマス（ベニザケ）
淡水魚類,ヒラ
淡水魚類,ヒラスズキ
淡水魚類,ビリンゴ
淡水魚類,ビワコオオナマズ
淡水魚類,ビワヒガイ
淡水魚類,ビワマス
淡水魚類,フクドジョウ
淡水魚類,フナ
淡水魚類,ブラウントラウト
淡水魚類,ブルーギル
淡水魚類,ペヘレイ
淡水魚類,ホトケドジョウ
淡水魚類,ホンモロコ
淡水魚類,ボウズハゼ
淡水魚類,ボラ
淡水魚類,マスノスケ
淡水魚類,マハゼ
淡水魚類,マルタ
淡水魚類,ミミズハゼ
淡水魚類,ミヤベイワナ
淡水魚類,ムギツク
淡水魚類,ムサシトミヨ
淡水魚類,メダカ
淡水魚類,メナダ
淡水魚類,モツゴ
淡水魚類,ヤエヤマノコギリハゼ
淡水魚類,ヤチウグイ
淡水魚類,ヤツメウナギ
淡水魚類,ヤマトイワナ
淡水魚類,ヤマトシマドジョウ
淡水魚類,ヤマメ
淡水魚類,ヤリタナゴ
淡水魚類,ユウフツヤツメ
淡水魚類,ユゴイ
淡水魚類,ヨシノボリ
淡水魚類,ライギョ
淡水魚類,ルリヨシノボリ
淡水魚類,ロウニンアジ
淡水魚類,ワカサギ
淡水魚類,ワタカ
淡水魚類,回遊型カジカ
淡水魚類,無斑型ヤマメ
淡水魚類,降海型イトヨ
淡水魚類,陸封型イトヨ
淡水魚類,陸封型カジカ＝カジカ
両生類・爬虫類,アイフィンガーガエル
両生類・爬虫類,アオウミガメ
両生類・爬虫類,アオカナヘビ
両生類・爬虫類,アオダイショウ
両生類・爬虫類,アオマダラウミヘビ
両生類・爬虫類,アカウミガメ
両生類・爬虫類,アカマタ
両生類・爬虫類,アカマダラ
両生類・爬虫類,アカミミガメ
両生類・爬虫類,アズマヒキガエル
両生類・爬虫類,アベサンショウウオ
両生類・爬虫類,アマガエル
両生類・爬虫類,アマミアオガエル
両生類・爬虫類,アマミタカチホヘビ
両生類・爬虫類,アマミハナサキガエル
両生類・爬虫類,アムールカナヘビ
両生類・爬虫類,イイジマウミヘビ
両生類・爬虫類,イシカワガエル
両生類・爬虫類,イシガキトカゲ
両生類・爬虫類,イシガメ
両生類・爬虫類,イヘヤトカゲモドキ
両生類・爬虫類,イボイモリ
両生類・爬虫類,イモリ
両生類・爬虫類,イワサキセダカヘビ
両生類・爬虫類,イワサキワモンベニヘビ
両生類・爬虫類,ウシガエル
両生類・爬虫類,エゾアカガエル
両生類・爬虫類,エゾサンショウウオ
両生類・爬虫類,エラブウミヘビ
両生類・爬虫類,オオイタサンショウウオ
両生類・爬虫類,オオサンショウウオ
両生類・爬虫類,オオシマトカゲ
両生類・爬虫類,オオダイガハラサンショウウオ
両生類・爬虫類,オオハナサキガエル
両生類・爬虫類,オオヒキガエル
両生類・爬虫類,オカダトカゲ
両生類・爬虫類,オガサワラトカゲ
両生類・爬虫類,オガサワラヤモリ
両生類・爬虫類,オキサンショウウオ
両生類・爬虫類,オキタゴガエル
両生類・爬虫類,オキナワアオガエル
両生類・爬虫類,オキナワトカゲ
両生類・爬虫類,オサガメ
両生類・爬虫類,オットンガエル
両生類・爬虫類,オビトカゲモドキ
両生類・爬虫類,オンナダケヤモリ
両生類・爬虫類,カジカガエル
両生類・爬虫類,カスミサンショウウオ
両生類・爬虫類,カナヘビ
両生類・爬虫類,カミツキガメ
両生類・爬虫類,ガラスヒバァ
両生類・爬虫類,キクザトサワヘビ
両生類・爬虫類,キシノウエトカゲ
両生類・爬虫類,キタサンショウウオ
両生類・爬虫類,キノボリトカゲ
両生類・爬虫類,キノボリヤモリ
両生類・爬虫類,クサガメ
両生類・爬虫類,クロイワトカゲモドキ
両生類・爬虫類,クロガシラウミヘビ
両生類・爬虫類,クロサンショウウオ
両生類・爬虫類,クロボシウミヘビ
両生類・爬虫類,コガタハナサキガエル
両生類・爬虫類,コモチカナヘビ
両生類・爬虫類,サキシマアオヘビ
両生類・爬虫類,サキシマカナヘビ
両生類・爬虫類,サキシマキノボリトカゲ
両生類・爬虫類,サキシマスジオ
両生類・爬虫類,サキシマスベトカゲ
両生類・爬虫類,サキシマハブ
両生類・爬虫類,サキシマバイカダ
両生類・爬虫類,サキシママダラ
両生類・爬虫類,シマヘビ
両生類・爬虫類,シュレーゲルアオガエル
両生類・爬虫類,シリケンイモリ
両生類・爬虫類,シロアゴガエル
両生類・爬虫類,シロイシガメ
両生類・爬虫類,シロマダラ
両生類・爬虫類,ジムグリ
両生類・爬虫類,スッポン
両生類・爬虫類,セグロウミヘビ
両生類・爬虫類,セマルハコガメ
両生類・爬虫類,タイマイ
両生類・爬虫類,タイワンスジオ
両生類・爬虫類,タイワンハブ
両生類・爬虫類,タカチホヘビ
両生類・爬虫類,タカラヤモリ
両生類・爬虫類,タゴガエル
両生類・爬虫類,タシロヤモリ
両生類・爬虫類,タワヤモリ
両生類・爬虫類,ダルマガエル
両生類・爬虫類,ダンジョヒバカリ
両生類・爬虫類,チョウセンヤマアカガエル
両生類・爬虫類,ツシマアカガエル
両生類・爬虫類,ツシマサンショウウオ
両生類・爬虫類,ツシマスベトカゲ
両生類・爬虫類,ツシママムシ
両生類・爬虫類,ツチガエル
両生類・爬虫類,トウキョウサンショウウオ
両生類・爬虫類,トウキョウダルマガエル
両生類・爬虫類,トウホクサンショウウオ
両生類・爬虫類,トカゲ（ニホントカゲ）
両生類・爬虫類,トカラハブ
両生類・爬虫類,トノサマガエル
両生類・爬虫類,ナガレタゴガエル
両生類・爬虫類,ナガレヒキガエル
両生類・爬虫類,ナミエガエル
両生類・爬虫類,ニシヤモリ
両生類・爬虫類,ニホンアカガエル
両生類・爬虫類,ニホンヒキガエル
両生類・爬虫類,ヌマガエル
両生類・爬虫類,ハイ
両生類・爬虫類,ハクバサンショウウオ
両生類・爬虫類,ハコネサンショウウオ
両生類・爬虫類,ハナサキガエル
両生類・爬虫類,ハブ
両生類・爬虫類,ハロウェルアマガエル
両生類・爬虫類,バーバートカゲ
両生類・爬虫類,ヒダサンショウウオ
両生類・爬虫類,ヒバカリ
両生類・爬虫類,ヒメアマガエル
両生類・爬虫類,ヒメウミガメ
両生類・爬虫類,ヒメハブ
両生類・爬虫類,ヒメヘビ
両生類・爬虫類,ヒャン
両生類・爬虫類,ヒロオウミヘビ
両生類・爬虫類,ブチサンショウウオ
両生類・爬虫類,ヘリグロヒメトカゲ
両生類・爬虫類,ベッコウサンショウウオ
両生類・爬虫類,ホオグロヤモリ
両生類・爬虫類,ホクリクサンショウウオ
両生類・爬虫類,ホルストガエル
両生類・爬虫類,マダラトカゲモドキ
両生類・爬虫類,マムシ
両生類・爬虫類,ミドリアノール
両生類・爬虫類,ミナミイシガメ
両生類・爬虫類,ミナミトリシマヤモリ
両生類・爬虫類,ミナミヤモリ
両生類・爬虫類,ミヤコカナヘビ
両生類・爬虫類,ミヤコトカゲ
両生類・爬虫類,ミヤコヒキガエル
両生類・爬虫類,ミヤコヒバァ
両生類・爬虫類,ミヤラヒメヘビ
両生類・爬虫類,メクラヘビ
両生類・爬虫類,モリアオガエル
両生類・爬虫類,ヤエヤマアオガエル
両生類・爬虫類,ヤエヤマタカチホヘビ
両生類・爬虫類,ヤエヤマハラブチガエル
両生類・爬虫類,ヤエヤマヒバァ
両生類・爬虫類,ヤクシマタゴガエル
両生類・爬虫類,ヤクヤモリ
両生類・爬虫類,ヤマアカガエル
両生類・爬虫類,ヤマカガシ
両生類・爬虫類,ヤマサンショウウオ
両生類・爬虫類,ヤマシナトカゲモドキ
両生類・爬虫類,ヤモリ
両生類・爬虫類,ヨナグニシュウダ
両生類・爬虫類,リュウキュウアオヘビ
両生類・爬虫類,リュウキュウアカガエル
両生類・爬虫類,リュウキュウカジカガエル
両生類・爬虫類,リュウキュウヤマガメ
昆虫類,アイヌギングチバチ
昆虫類,アイヌコブスジコガネ
昆虫類,アイヌハンミョウ
昆虫類,アイヌホソコバネカミキリ
昆虫類,アイノミドリシジミ
昆虫類,アオアシナガハナムグリ
昆虫類,アオイトトンボ
昆虫類,アオカタビロオサムシ
昆虫類,アオカナブン
昆虫類,アオカミキリ
昆虫類,アオクチブトカメムシ
昆虫類,アオグロナガタマムシ
昆虫類,アオコアブ
昆虫類,アオサナエ
昆虫類,アオスジアゲハ
昆虫類,アオスジカミキリ
昆虫類,アオタテハモドキ
昆虫類,アオタマムシ
昆虫類,アオチビケシキスイ
昆虫類,アオナカイトトンボ
昆虫類,アオナガイトトンボ
昆虫類,アオハダトンボ
昆虫類,アオバセセリ
昆虫類,アオバハゴロモ
昆虫類,アオバホソハナカミキリ
昆虫類,アオビタイトンボ
昆虫類,アオフキバッタ
昆虫類,アオマダラタマムシ
昆虫類,アオマツムシ
昆虫類,アオモンイトトンボ
昆虫類,アオモンギンセダカモクメ
昆虫類,アオヤマキリガ
昆虫類,アオヤンマ
昆虫類,アカアシオオアオカミキリ
昆虫類,アカアシクチブトカメムシ
昆虫類,アカアシクワガタ
昆虫類,アカアシセジロクマバチ
昆虫類,アカイロニセハムシハナカミキリ
昆虫類,アカエゾゼミ
昆虫類,アカオサムシ
昆虫類,アカオビスズメ
昆虫類,アカオビトカリアナバチ
昆虫類,アカガネオサムシ
昆虫類,アカガネカミキリ
昆虫類,アカギカメムシ
昆虫類,アカコメツキ
昆虫類,アカシジミ
昆虫類,アカシャチホコ
昆虫類,アカジマトラカミキリ
昆虫類,アカスジアオリンガ
昆虫類,アカスジアシブトウンカ
昆虫類,アカスジカメムシ
昆虫類,アカスジキンカメムシ
昆虫類,アカスジシロコケガ伊豆諸島亜種
昆虫類,アカセセリ
昆虫類,アカタテハ
昆虫類,アカナガイトトンボ
昆虫類,アカネシャチホコ
昆虫類,アカハナカミキリ
昆虫類,アカハネナガウンカ
昆虫類,アカハネバッタ
昆虫類,アカヒゲホソミドリメクラガメ
昆虫類,アカヒトリ
昆虫類,アカヘリオオキノメイガ
昆虫類,アカヘリミドリタマムシ
昆虫類,アカボシゴマダラ
昆虫類,アカマダラ
昆虫類,アカマダラコガネ
昆虫類,アカマダラセンチコガネ
昆虫類,アカマダラヨトウ
昆虫類,アカムネハナカミキリ
昆虫類,アカメイトトンボ
昆虫類,アカモンナガクチキムシ
昆虫類,アカヤマアリ
昆虫類,アキアカネ
昆虫類,アキオサムシ
昆虫類,アキタクロナガオサムシ
昆虫類,アキマドボタル
昆虫類,アキヨシオオズアリヅカムシ
昆虫類,アキヨシシロアヤトビムシ
昆虫類,アキヨシホラアナナガコムシ
昆虫類,アキヨシメクラチビゴミムシ
昆虫類,アゲハヒメバチ
昆虫類,アゲハモドキ
昆虫類,アサカワミドリカワゲラモドキ
昆虫類,アサギマダラ
昆虫類,アサトカラスヤンマ
昆虫類,アサヒナキマダラセセリ
昆虫類,アサヒヒョウモン
昆虫類,アサマイチモンジ
昆虫類,アサマウスモンヤガ
昆虫類,アサマキシタバ
昆虫類,アサマシジミ
昆虫類,アサマヒメハナカミキリ
昆虫類,アシグロセジロクマバチ
昆虫類,アシジマカネタタキ
昆虫類,アシジロヒラフシアリ
昆虫類,アシナガカメムシ
昆虫類,アシナガメクラチビゴミムシ
昆虫類,アジアアカトンボ
昆虫類,アジアイトトンボ
昆虫類,アジアホソバスズメ
昆虫類,アズサキリガ
昆虫類,アズミキシタバ
昆虫類,アタマギングチバチ
昆虫類,アダチアナアキゾウムシ
昆虫類,アトオビコミズギワゴミムシ
昆虫類,アトキフタオ
昆虫類,アトコブゴミムシダマシ
昆虫類,アトジロシラホシヨトウ
昆虫類,アトホシヒラタマメゲンゴロウ
昆虫類,アブヤドリタマバチ
昆虫類,アブラゼミ
昆虫類,アマギシャチホコ
昆虫類,アマゴイルリトンボ
昆虫類,アマミアカハネハナカミキリ
昆虫類,アマミアメンボ
昆虫類,アマミウラナミシジミ
昆虫類,アマミキシタバ
昆虫類,アマミサナエ
昆虫類,アマミシカクワガタ
昆虫類,アマミチビゲンゴロウ
昆虫類,アマミハンミョウ
昆虫類,アマミホソコバネカミキリ
昆虫類,アマミマルケシゲンゴロウ
昆虫類,アマミミヤマクワガタ
昆虫類,アマミモリバッタ
昆虫類,アマミヤドリニクバエ
昆虫類,アマミヤンマ
昆虫類,アマミルリモントンボ
昆虫類,アミダテントウ
昆虫類,アミメカゲロウ
昆虫類,アミメキシタバ
昆虫類,アミメツマキリヨトウ
昆虫類,アミメトビケラ
昆虫類,アメイロトンボ
昆虫類,アメリカシロヒトリ
昆虫類,アメリカジガバチ
昆虫類,アメンボ
昆虫類,アヤオビハナノミ
昆虫類,アヤナミカメムシ
昆虫類,アヤヘリハネナガウンカ
昆虫類,アヤムナビロタマムシ
昆虫類,アヤムネスジタマムシ
昆虫類,アラコガネコメツキ
昆虫類,アラメエンマコガネ
昆虫類,アラメハナカミキリ
昆虫類,アラメヒラタゴミムシダマシ
昆虫類,アリスアブ
昆虫類,アリヅカウンカ
昆虫類,アルプスギンウワバ
昆虫類,アルプスクロヨトウ
昆虫類,アルプスヤガ
昆虫類,アワオサムシ
昆虫類,アワシマアオマイマイカブリ
昆虫類,アンガスナガケシゲンゴロウ
昆虫類,イイジマナガケシゲンゴロウ
昆虫類,イイジマルリボシヤンマ
昆虫類,イオウジマケシカミキリ
昆虫類,イカリヒメジンガサハムシ
昆虫類,イカリモンハンミョウ
昆虫類,イガブチヒゲハナカミキリ
昆虫類,イシカワメクラチビゴミムシ
昆虫類,イシガキオオナガハナアブ
昆虫類,イシガキカクムネベニボタル
昆虫類,イシガキケブトハナカミキリ
昆虫類,イシガキニイニイ
昆虫類,イシガキヤンマ
昆虫類,イシガケチョウ
昆虫類,イシズチヒメハナカミキリ
昆虫類,イシヅチオサムシ
昆虫類,イシヅチヌレチゴミムシ
昆虫類,イシハラカメムシ
昆虫類,イシハラバチ
昆虫類,イシハラヒメナガゴミムシ
昆虫類,イズアオドウカネ
昆虫類,イソカネタタギ
昆虫類,イソジョウカイモドキ
昆虫類,イチモジヒメヨトウ
昆虫類,イチモンジセセリ
昆虫類,イチモンジチョウ
昆虫類,イチモンジホウジャク
昆虫類,イッシキキモンカミキリ
昆虫類,イッポンセスジスズメ
昆虫類,イネクロカメムシ
昆虫類,イブキスズメ
昆虫類,イボタガ
昆虫類,イマイツツハナバチ
昆虫類,イマダテメクラチビゴミムシ
昆虫類,イマニシガガンボダマシ
昆虫類,イヨシロオビアブ
昆虫類,イヨヒメハナカミキリ
昆虫類,イラガセイボウ
昆虫類,イリオモテミナミヤンマ
昆虫類,イワカワシジミ
昆虫類,イワキアオタマムシ
昆虫類,イワサキクサゼミ
昆虫類,イワサキコノハ
昆虫類,イワサキゼミ
昆虫類,イワサキタテハモドキ
昆虫類,イワサキヒメハルゼミ
昆虫類,イワタメクラチビゴミムシ
昆虫類,イワツバメシラミバエ
昆虫類,イワヤメクラチビゴミムシ
昆虫類,イワワキオサムシ
昆虫類,インドカギバ
昆虫類,インベノメクラチビゴミムシ
昆虫類,ウエダエンマコガネ
昆虫類,ウエノチビケシゲンゴロウ
昆虫類,ウエノナカゴミムシ
昆虫類,ウエノヒラクカゲロウ
昆虫類,ウグイスノメイガ
昆虫類,ウコンカギバ
昆虫類,ウゴウンモンツマキリアツバ
昆虫類,ウシアブ
昆虫類,ウシカメムシ
昆虫類,ウスアオオナガウラナミシジミ
昆虫類,ウスイロオナカシジミ
昆虫類,ウスイロオナガシジミ
昆虫類,ウスイロキシクバ
昆虫類,ウスイロキシタバ
昆虫類,ウスイロコノマ
昆虫類,ウスイロコノマチョウ
昆虫類,ウスイロシマゲンゴロウ
昆虫類,ウスイロタイリクヨトウ
昆虫類,ウスイロヒメハナカミキリ
昆虫類,ウスイロヒョウモンモドキ
昆虫類,ウスカバイロコメツキ
昆虫類,ウスキシロチョウ
昆虫類,ウスグロタマトビハムシ
昆虫類,ウスグロマダラウワバ
昆虫類,ウスグロマダラメイガ
昆虫類,ウスグロムシヒキ
昆虫類,ウスコモンマダラ
昆虫類,ウスゴマダラエダシャク
昆虫類,ウスジロドクガ
昆虫類,ウスタビカ
昆虫類,ウスタビガ
昆虫類,ウスチャツブゲンゴロウ
昆虫類,ウスバキチョウ
昆虫類,ウスバキトンボ
昆虫類,ウスバシロチョウ
昆虫類,ウスバツバメガ
昆虫類,ウスヒラタゴキブリ
昆虫類,ウスベニキヨトウ
昆虫類,ウスベニキリガ
昆虫類,ウスベニハネビロウンカ
昆虫類,ウスモントゲトゲゾウムシ
昆虫類,ウズラカメムシ
昆虫類,ウチジロナミシャク
昆虫類,ウチスズメ
昆虫類,ウチワヤンマ
昆虫類,ウバタマムシ
昆虫類,ウマノオバチ
昆虫類,ウミアカトンボ
昆虫類,ウミアメンボ
昆虫類,ウミコオロギ
昆虫類,ウミミズカメムシ
昆虫類,ウメチビタマムシ
昆虫類,ウラキンシジミ
昆虫類,ウラギンキヨトウ
昆虫類,ウラギンシジミ
昆虫類,ウラギンスジヒョウモン
昆虫類,ウラギンヒョウモン
昆虫類,ウラクロシジミ
昆虫類,ウラゴマダラシジミ
昆虫類,ウラジャノメ
昆虫類,ウラジロミドリシジミ
昆虫類,ウラナミアカシジミ
昆虫類,ウラナミアカシジミ紀南亜種
昆虫類,ウラナミシジミ
昆虫類,ウラナミシロチョウ
昆虫類,ウラナミジャノメ
昆虫類,ウラベニヒョウモンモドキ（ウラベニヒョウモン）
昆虫類,ウラミスジシジミ
昆虫類,ウルシゴキブリ
昆虫類,ウワジマムカシゲンゴロウ
昆虫類,ウンモンスズメ
昆虫類,ウンモンテントウ
昆虫類,エグリエダシャク
昆虫類,エグリキリガ
昆虫類,エグリゴミムシ
昆虫類,エグリトカリシャク
昆虫類,エサキアメンボ
昆虫類,エサキキンヘリタマムシ
昆虫類,エサキニセヒメガガンボ
昆虫類,エサキモンキツノカメムシ
昆虫類,エゾアオイトトンボ
昆虫類,エゾアオカメムシ
昆虫類,エゾアオタマムシ
昆虫類,エゾアカカネオサムシ
昆虫類,エゾアカネ
昆虫類,エゾイトトンボ
昆虫類,エゾエンマコオロギ
昆虫類,エゾカオジロトンボ
昆虫類,エゾカタビロオサムシ
昆虫類,エゾカミキリ
昆虫類,エゾキノコヨトウ
昆虫類,エゾゲンゴロウモドキ
昆虫類,エゾコエビガラスズメ
昆虫類,エゾコオナガミズスマシ
昆虫類,エゾコセアカアメンボ
昆虫類,エゾコヤマトンボ
昆虫類,エゾシモフリスズメ
昆虫類,エゾシロシタバ
昆虫類,エゾシロチョウ
昆虫類,エゾスジグロシロチョウ
昆虫類,エゾスズメ
昆虫類,エゾゼミ
昆虫類,エゾチッチゼミ
昆虫類,エゾツユムシ
昆虫類,エゾトラカミキリ
昆虫類,エゾトンボ
昆虫類,エゾナガゴミムシ
昆虫類,エゾナガヒゲカミキリ
昆虫類,エゾハイイロハナカミキリ
昆虫類,エゾハサミムシ
昆虫類,エゾハルゼミ
昆虫類,エゾヒメゲンゴロウ
昆虫類,エゾヒメシロチョウ
昆虫類,エゾヒラタヒメゲンゴロウ
昆虫類,エゾベニシタバ
昆虫類,エゾベニヒラタムシ
昆虫類,エゾマルカギバラバチ
昆虫類,エゾミドリシジミ
昆虫類,エゾヤブカ
昆虫類,エゾヨツメ
昆虫類,エゾルリイトトンボ
昆虫類,エダナナフシ
昆虫類,エチゴチビコブガ
昆虫類,エチゴトックリゴミムシ
昆虫類,エトロフハナカミキリ
昆虫類,エビイロカメムシ
昆虫類,エビガラスズメ
昆虫類,エリクソンマメゲンゴロウ
昆虫類,エリザハンミョウ
昆虫類,エルタテハ
昆虫類,エンマハバビロガムシ
昆虫類,エンマムシモドキ
昆虫類,オイワケキエダシャク
昆虫類,オウトウショウジョウバエ
昆虫類,オオアオイトトンボ
昆虫類,オオアオカミキリ
昆虫類,オオアシナガサシガメ
昆虫類,オオアメンボ
昆虫類,オオアワフキ
昆虫類,オオイシアブ
昆虫類,オオイチモンジ
昆虫類,オオイチモンジゲンゴロウ
昆虫類,オオイチモンジシマゲンゴロウ
昆虫類,オオイトトンボ
昆虫類,オオウスグロシャチホコ
昆虫類,オオウスバカゲロウ
昆虫類,オオウチワグンバイ
昆虫類,オオウバタマコメツキ
昆虫類,オオウラギンスジヒョウモン
昆虫類,オオウラギンヒョウモン
昆虫類,オオエゾトンボ
昆虫類,オオオカメコオロギ
昆虫類,オオオビハナノミ
昆虫類,オオカギバ
昆虫類,オオカバスジヤガ
昆虫類,オオカバマダラ
昆虫類,オオカブラヤガ
昆虫類,オオカマキリ
昆虫類,オオカマキリモドキ
昆虫類,オオカワトンボ
昆虫類,オオキイロアツバ
昆虫類,オオキイロトンボ
昆虫類,オオキトンボ
昆虫類,オオキノコムシ
昆虫類,オオキンカメムシ
昆虫類,オオギンスジコウモリ
昆虫類,オオギンモンカギバ
昆虫類,オオギンヤンマ
昆虫類,オオクチブトカメムシ
昆虫類,オオクボカミキリ
昆虫類,オオクラカケカワゲラ
昆虫類,オオクロカメムシ
昆虫類,オオクロハナカミキリ
昆虫類,オオクロハナカミキリ（セアカハナカミキリ）
昆虫類,オオクロハバチ
昆虫類,オオクワガタ
昆虫類,オオコオイムシ
昆虫類,オオコシアカハバチ
昆虫類,オオゴキブリ
昆虫類,オオゴマシジミ
昆虫類,オオゴマダラ
昆虫類,オオサカサナエ
昆虫類,オオサカスジコガネ
昆虫類,オオシオカラトンボ
昆虫類,オオシマゲンゴロウ
昆虫類,オオシマゼミ
昆虫類,オオシマホソハナカミキリ
昆虫類,オオシモフリスズメ
昆虫類,オオシラホシヤガ
昆虫類,オオシロオビゾウムシ
昆虫類,オオシロカゲロウ
昆虫類,オオシロカミキリ
昆虫類,オオシロシタバ
昆虫類,オオシロヘリナガカメムシ
昆虫類,オオシロモンセセリ
昆虫類,オオスカシバ
昆虫類,オオスズメバチ
昆虫類,オオズアカアリ
昆虫類,オオズオオキバハネカクシ
昆虫類,オオセイボウ
昆虫類,オオセスジイトトンボ
昆虫類,オオセンチコガネ
昆虫類,オオダイオオナガゴミムシ
昆虫類,オオダイセマダラコガネ
昆虫類,オオダイルリヒラタコメツキ
昆虫類,オオチャイロハナムグリ
昆虫類,オオチャタテ
昆虫類,オオチャバネセセリ
昆虫類,オオチャバネヨトウ
昆虫類,オオツチハンミョウ
昆虫類,オオツノカメムシ
昆虫類,オオツノトンボ
昆虫類,オオツバメエダシャク
昆虫類,オオツヤセイボウ
昆虫類,オオツヤバネベニボタル
昆虫類,オオトゲクダアザミウマ
昆虫類,オオトックリゴミムシ
昆虫類,オオトラカミキリ
昆虫類,オオトラフコガネ
昆虫類,オオトラフトンボ
昆虫類,オオナガケシゲンゴロウ
昆虫類,オオナガレトビケラ
昆虫類,オオナギナタハバチ
昆虫類,オオニジュウヤホシテントウ
昆虫類,オオハガタナミシャク伊豆諸島亜種
昆虫類,オオハキリバチ
昆虫類,オオハサミシリアゲ
昆虫類,オオハナカミキリ
昆虫類,オオハラビロトンボ
昆虫類,オオハンミョウモドキ
昆虫類,オオヒカゲ
昆虫類,オオヒメゲンゴロウ
昆虫類,オオヒメハナカミキリ
昆虫類,オオヒョウタンゴミムシ
昆虫類,オオフタモンウバタマコメツキ
昆虫類,オオホシオナガバチ
昆虫類,オオホソコバネカミキリ
昆虫類,オオマルケシゲンゴロウ
昆虫類,オオマルハナバチ
昆虫類,オオミスジ
昆虫類,オオミズアオ
昆虫類,オオミズスマシ
昆虫類,オオミドリシジミ
昆虫類,オオミネヒメハナカミキリ
昆虫類,オオムツボシタマムシ
昆虫類,オオムラサキ
昆虫類,オオムラサキタチバ
昆虫類,オオメクラゲンゴロウ
昆虫類,オオメクラチビゴミムシ
昆虫類,オオメトンボ
昆虫類,オオモノサシトンボ
昆虫類,オオモリケンモン
昆虫類,オオモリハマダラカ
昆虫類,オオモンカバナミシャク
昆虫類,オオモンキメクラガメ
昆虫類,オオモンクロベッコウ
昆虫類,オオモンシロチョウ
昆虫類,オオヤマカワゲラ
昆虫類,オオヤマトンボ
昆虫類,オオヨツスジハナカミキリ
昆虫類,オオヨモギハムシ
昆虫類,オオルリオビクチバ
昆虫類,オオルリシジミ
昆虫類,オオルリハムシ
昆虫類,オオルリボシヤンマ
昆虫類,オカダケムネチビゴミムシ
昆虫類,オカモトツヤアカハネムシ
昆虫類,オガサワラアオイトトンボ
昆虫類,オガサワラアメンボ
昆虫類,オガサワライカリモントラカミキリ
昆虫類,オガサワライシアブ
昆虫類,オガサワライトトンボ
昆虫類,オガサワライラガ
昆虫類,オガサワラクシコメツキ
昆虫類,オガサワラクビキリギス
昆虫類,オガサワラクマバチ
昆虫類,オガサワラゴキブリ
昆虫類,オガサワラシジミ
昆虫類,オガサワラシロモンクロノメイガ
昆虫類,オガサワラセスジゲンゴロウ
昆虫類,オガサワラセセリ
昆虫類,オガサワラゼミ
昆虫類,オガサワラタマムシ
昆虫類,オガサワラチズモンアオシャク
昆虫類,オガサワラチビクリガタ
昆虫類,オガサワラチビクワガタ
昆虫類,オガサワラチャイロカミキリ
昆虫類,オガサワラトビイロカミキリ
昆虫類,オガサワラトンボ
昆虫類,オガサワラナガタマムシ
昆虫類,オガサワラネブトクワガタ
昆虫類,オガサワラハナダカトンボ
昆虫類,オガサワラハンミョウ
昆虫類,オガサワラヒゲヨトウ
昆虫類,オガサワラヒラアシコメツキ
昆虫類,オガサワラヒラタカミキリ
昆虫類,オガサワラミバエ
昆虫類,オガサワラムツボシタマムシ
昆虫類,オキナワアカミナミボタル
昆虫類,オキナワオオミズスマシ
昆虫類,オキナワオジロサナエ
昆虫類,オキナワクロホウジャク
昆虫類,オキナワクロミナミボタル
昆虫類,オキナワコヤマトンボ
昆虫類,オキナワサナエ
昆虫類,オキナワサラサヤンマ
昆虫類,オキナワシリアゲコバチ
昆虫類,オキナワスジゲンゴロウ
昆虫類,オキナワチャボハナカミキリ
昆虫類,オキナワチョウトンボ
昆虫類,オキナワツノトンボ
昆虫類,オキナワトゲオトンボ
昆虫類,オキナワナガハナアブ
昆虫類,オキナワネグロホウジャク
昆虫類,オキナワネブトクワガタ
昆虫類,オキナワノコギリクワガタ
昆虫類,オキナワビロウドセセリ
昆虫類,オキナワホウジャク
昆虫類,オキナワマツモムシ
昆虫類,オキナワマドボタル
昆虫類,オキナワマルバネクワガタ
昆虫類,オキナワミナミヤンマ
昆虫類,オキナワムツボシタマムシ
昆虫類,オキナワルリチラシ
昆虫類,オキナワルリツチバチ
昆虫類,オキナワルリベッコウ
昆虫類,オクタマホソヒメクロオサムシ
昆虫類,オグマサナエ
昆虫類,オサムシモドキ
昆虫類,オジロサナエ
昆虫類,オジロシジミ
昆虫類,オゼイトトンボ
昆虫類,オゼネクイハムシ
昆虫類,オゼミズギワカメムシ
昆虫類,オツネントンボ
昆虫類,オトメクビアカハナカミキリ
昆虫類,オナガアカネ
昆虫類,オナガアゲハ
昆虫類,オナガサナエ
昆虫類,オナガシジミ
昆虫類,オナガナギナタハバチ
昆虫類,オナガミズアオ
昆虫類,オナガミズアオ伊豆諸島亜種
昆虫類,オナガミズスマシ
昆虫類,オナシアゲハ
昆虫類,オニクワガタ
昆虫類,オニベニシタバ
昆虫類,オニホソコバネカミキリ
昆虫類,オニヤンマ
昆虫類,オバナワスズメ
昆虫類,オビグロスズメ
昆虫類,オビコノマチョウ
昆虫類,オビホウジャク
昆虫類,オビモンマグソコガネ
昆虫類,オビレカミキリ
昆虫類,オヤマヒメハナカミキリ
昆虫類,オンタケクロナガオサムシ
昆虫類,オンタケクロヨトウ
昆虫類,オンタケトビケラ
昆虫類,オンタケヒラタゴミムシ
昆虫類,カエデノヘリグロハナカミキリ
昆虫類,カエデヒゲナガコバネカミキリ
昆虫類,カオジロトンボ
昆虫類,カガミムカシゲンゴロウ
昆虫類,カキノフタトゲナガシンクイ
昆虫類,カギバモドキ
昆虫類,カギモンキリガ
昆虫類,カクムネコメツキダマシ
昆虫類,カクムネヒメハナカミキリ
昆虫類,カクムネムツボシタマムシ
昆虫類,カクモンシジミ
昆虫類,カゲロウギングチバチ
昆虫類,カサイテントウ
昆虫類,カザリツマキリアツバ
昆虫類,カスミハネカ
昆虫類,カスリウスバカゲロウ
昆虫類,カタアカチビオオキノコムシ
昆虫類,カタキカタビロハナカミキリ
昆虫類,カタキハナカミキリ
昆虫類,カタキンイロジョウカイ
昆虫類,カタツムリトビケラ
昆虫類,カタビロクサビウンカ
昆虫類,カタビロハムシ
昆虫類,カタムクカレハ
昆虫類,カトリヤンマ
昆虫類,カドムネヒラタカメムシ
昆虫類,カニアミカ
昆虫類,カネキヨメクラチビゴミムシ
昆虫類,カネクタキ
昆虫類,カノウアブ
昆虫類,カノシマチビゲンゴロウ
昆虫類,カバイロシジミ
昆虫類,カバイロシャチホコ
昆虫類,カバシタムクゲエダシャク
昆虫類,カバシャク
昆虫類,カバタテハ
昆虫類,カバフキシタバ
昆虫類,カバマダラ
昆虫類,カブトムシ
昆虫類,カマドコオロギ
昆虫類,カミコウチヒメハナバチ
昆虫類,カミヤコバンゾウムシ
昆虫類,カヤノトゲトゲ
昆虫類,カヤヒバリ
昆虫類,カラカネイトトンボ
昆虫類,カラカネクリタマムシ
昆虫類,カラカネトンボ
昆虫類,カラカネナカボソタマムシ
昆虫類,カラカネハナカミキリ
昆虫類,カラサワメクラチビゴミムシ
昆虫類,カラスアゲハ
昆虫類,カラスシジミ
昆虫類,カラスヤンマ
昆虫類,カラフトイトトンボ
昆虫類,カラフトシマケシゲンゴロウ
昆虫類,カラフトタカネキマダラセセリ
昆虫類,カラフトツチハンミョウ
昆虫類,カラフトトホシハナカミキリ
昆虫類,カラフトナガケシゲンゴロウ
昆虫類,カラフトヒゲナガカミキリ
昆虫類,カラフトヒョウモン
昆虫類,カラフトホソコバネカミキリ
昆虫類,カラフトマルガタゲンゴロウ
昆虫類,カラフトヨツスジハナカミキリ
昆虫類,カラフトルリシジミ
昆虫類,カワカミシロチョウ
昆虫類,カワノナガゴミムシ
昆虫類,カワムラナベブタムシ
昆虫類,カワラスズ
昆虫類,カワラハンミョウ
昆虫類,カワラバッタ
昆虫類,カンタン
昆虫類,カンボウトラカミキリ
昆虫類,カンボウホソトラカミキリ
昆虫類,カンムリセスジゲンゴロウ
昆虫類,ガガンビカゲロウ
昆虫類,ガマキンウワバ
昆虫類,ガマヨトウ
昆虫類,ガムシ
昆虫類,ガロアムシ
昆虫類,キアゲハ
昆虫類,キアシナガバチ
昆虫類,キアシハナダカバチモドキ
昆虫類,キアシルリハムシ
昆虫類,キイオサムシ
昆虫類,キイオナガミズスマシ
昆虫類,キイトトンボ
昆虫類,キイホソヒラタゴミムシ
昆虫類,キイロアラゲカミキリ
昆虫類,キイロカワカゲロウ
昆虫類,キイロケアリ
昆虫類,キイロゲンセイ
昆虫類,キイロサシガメ
昆虫類,キイロサナエ
昆虫類,キイロスズメ
昆虫類,キイロスズメバチ
昆虫類,キイロナガツツハムシ
昆虫類,キイロハラビロトンボ
昆虫類,キイロヒョウタンナガカメムシ
昆虫類,キイロヒラタカゲロウ
昆虫類,キイロホソゴミムシ
昆虫類,キイロマツモムシ
昆虫類,キイロミミモンエダシャク
昆虫類,キイロミヤマカミキリ
昆虫類,キイロヤマトンボ
昆虫類,キウチメクラチビゴミムシ
昆虫類,キオビクロスズメバチ
昆虫類,キオビチビゲンゴロウ
昆虫類,キオビモンチビオオキノコムシ
昆虫類,キカマキリモドキ
昆虫類,キクイトトンボ
昆虫類,キクビスカシバ
昆虫類,キゴシジガバチ
昆虫類,キシタアゲハ
昆虫類,キシタウスキシロチョウ
昆虫類,キシタギンモンウワバ
昆虫類,キシタケンモン
昆虫類,キシタバ
昆虫類,キジマソトグロナミシャク
昆虫類,キジマトラカミキリ
昆虫類,キスジゴキブリ
昆虫類,キスジセアカカギバラバチ
昆虫類,キスジハナオイアツバ
昆虫類,キタアカシジミ冠高原亜種
昆虫類,キタアカシジミ北日本亜種
昆虫類,キタアトキリゴミムシ
昆虫類,キタアラメナガゴミムシ
昆虫類,キタイトトンボ
昆虫類,キタカミナリトビハムシ
昆虫類,キタガミトビケラ
昆虫類,キタクニハナカミキリ
昆虫類,キタテハ
昆虫類,キタヒメアメンボ
昆虫類,キタヒメゲンゴロウ
昆虫類,キタマダラチビゲンゴロウ
昆虫類,キタヨトウ
昆虫類,キチョウ
昆虫類,キテンシャチホコ
昆虫類,キトンボ
昆虫類,キヌゲハキリバチ
昆虫類,キヌツヤハナカミキリ
昆虫類,キノコゴミムシ
昆虫類,キバネアシブトサシガメ
昆虫類,キバネキバナガミズギワゴミムシ
昆虫類,キバネセセリ
昆虫類,キバネツノトンボ
昆虫類,キバネニセハムシハナカミキリ
昆虫類,キバネモリトンボ
昆虫類,キバライトトンボ
昆虫類,キバラヒトリ
昆虫類,キヒメアリ
昆虫類,キベリカタビロハナカミキリ
昆虫類,キベリクロヒメゲンゴロウ
昆虫類,キベリクロヒメハナカミキリ
昆虫類,キベリゴマフエダシャク
昆虫類,キベリタテハ
昆虫類,キベリネズミホソバ伊豆諸島亜種
昆虫類,キベリハムシ
昆虫類,キベリマメゲンゴロウ
昆虫類,キボシアシナガバチ
昆虫類,キボシカミキリ
昆虫類,キボシクチカクシゾウムシ
昆虫類,キボシケシゲンゴロウ
昆虫類,キボシチビコツブゲンゴロウ
昆虫類,キボシツブゲンゴロウ
昆虫類,キボシマルウンカ
昆虫類,キボシミスジトガリバ
昆虫類,キマエコノハ
昆虫類,キマダラカミキリ
昆虫類,キマダラカメムシ
昆虫類,キマダラセセリ
昆虫類,キマダラモドキ
昆虫類,キマダラルリツバメ
昆虫類,キミミヤガ
昆虫類,キムジホソバ
昆虫類,キモンクロアツバ
昆虫類,キモンハナカミキリ
昆虫類,キュウシュウエゾゼミ
昆虫類,キュウシュウキベリカタビロハナカミキリ
昆虫類,キュウシュウキンヘリタマムシ
昆虫類,キュウシュウクチブトカメムシ
昆虫類,キュウシュウクロナガオサムシ
昆虫類,キュウシュウチビトラカミキリ
昆虫類,キュウシュウチビトラカミキリ八丈島亜種
昆虫類,キュウシュウヌバタマハナカミキリ
昆虫類,キュウシュウヒメコブハナカミキリ
昆虫類,キュウシュウヒメハナカミキリ
昆虫類,キョウチクトウスズメ
昆虫類,キョウトアオハナムグリ
昆虫類,キョウトゴキブリ
昆虫類,キョウトハナアブ
昆虫類,キラチャイロコガネ
昆虫類,キリギリス
昆虫類,キリシマチビカミキリ
昆虫類,キリシマミドリシジミ
昆虫類,キンイロエグリタマムシ
昆虫類,キンイロヌマカ
昆虫類,キンイロネクイハムシ
昆虫類,キンオニクワガタ
昆虫類,キンスジコガネ
昆虫類,キンヒバリ
昆虫類,キンヘリタマムシ
昆虫類,キンモウアナバチ
昆虫類,キンモンナガタマムシ
昆虫類,ギフチョウ
昆虫類,ギフムカシゲンゴロウ
昆虫類,ギンイチモンジセセリ
昆虫類,ギンツバメ
昆虫類,ギンボシスズメ
昆虫類,ギンボシヒョウモン
昆虫類,ギンモンスズメモドキ
昆虫類,ギンモンセダカモクメ
昆虫類,ギンヤンマ
昆虫類,クサシロキヨトウ
昆虫類,クシヒゲウスキヨトウ
昆虫類,クシヒゲカゲロウ
昆虫類,クシヒゲモンヤガ
昆虫類,クシロツマジロケンモン
昆虫類,クシロモクメヨトウ
昆虫類,クジャクチョウ
昆虫類,クスサン
昆虫類,クスベニカミキリ
昆虫類,クチキウマ
昆虫類,クチキクシヒゲムシ
昆虫類,クチキコオロギ
昆虫類,クチキゴミムシ
昆虫類,クチキマグソコガネ
昆虫類,クチバスズメ
昆虫類,クチブトカメムシ
昆虫類,クチブトヒゲボソゾウムシ
昆虫類,クツワムシ
昆虫類,クビアカハナカミキリ
昆虫類,クビアカモモブトホソカミキリ
昆虫類,クビカクシヒメカゲロウ
昆虫類,クビキリギリス
昆虫類,クビジロツメヨトウ
昆虫類,クビナガヨツボシゴミムシ
昆虫類,クビボソハナカミキリ
昆虫類,クマガイクロアオゴミムシ
昆虫類,クマスズムシ
昆虫類,クマゼミ
昆虫類,クマヌカカ
昆虫類,クマモトナカジロシタバ
昆虫類,クモガタガガンボ
昆虫類,クモガタヒョウモン
昆虫類,クモノスモンサビカミキリ
昆虫類,クモマウスグロヤガ
昆虫類,クモマエゾトンボ
昆虫類,クモマオオクロバエ
昆虫類,クモマショゥジョゥバェ
昆虫類,クモマツマキチョウ
昆虫類,クモマトラフバエ
昆虫類,クモマハナカミキリ
昆虫類,クモマベニヒカゲ
昆虫類,クラサワメクラチビゴミムシ
昆虫類,クラサワメクラツヤムネハネカクシ
昆虫類,クラマトガリバ
昆虫類,クルマスズメ
昆虫類,クルーギールリマダラ
昆虫類,クロアゲハ
昆虫類,クロアシエダトビゲラ
昆虫類,クロアシナガサシガメ
昆虫類,クロアシマルトビハムシ
昆虫類,クロイトトンボ
昆虫類,クロイワカワトンボ
昆虫類,クロイワゼミ
昆虫類,クロイワツクツク
昆虫類,クロイワニイニイ
昆虫類,クロウスタビカ
昆虫類,クロウスタビガ
昆虫類,クロオオハナカミキリ
昆虫類,クロオビシロナミシャク
昆虫類,クロオビホウジャク
昆虫類,クロカタビロオサムシ
昆虫類,クロカナブン
昆虫類,クロキカワムシ
昆虫類,クロキクシケアリ
昆虫類,クロゲンゴロウ
昆虫類,クロコクロバエ
昆虫類,クロコシロヨトウ
昆虫類,クロコノマチョウ
昆虫類,クロコムラサキ
昆虫類,クロコモンタマムシ
昆虫類,クロゴキブリ
昆虫類,クロサナエ
昆虫類,クロサホソヒラタゴミムシ
昆虫類,クロサワヒメコバネカミキリ
昆虫類,クロサワヘリグロハナカミキリ
昆虫類,クロシオキシタバ
昆虫類,クロシオハマキ
昆虫類,クロシジミ
昆虫類,クロシタシャチホコ
昆虫類,クロスキバホウジャク
昆虫類,クロスジキリガ
昆虫類,クロスジギンヤンマ
昆虫類,クロスジチャイロテントウ
昆虫類,クロスジハナカミキリ
昆虫類,クロスジユミモンクチバ
昆虫類,クロスズメ
昆虫類,クロスズメバチ
昆虫類,クロズオオカワベハネカクシ
昆虫類,クロズマメゲンゴロウ
昆虫類,クロセセリ
昆虫類,クロソンホソハナカミキリ
昆虫類,クロダケタカネヨトウ
昆虫類,クロチャボハナカミキリ
昆虫類,クロチャマダラキリガ
昆虫類,クロツバメシジミ
昆虫類,クロツブマグソコガネ
昆虫類,クロツヤコオロギ
昆虫類,クロツヤヒゲナガコバネカミキリ
昆虫類,クロテンキリガ
昆虫類,クロテングスケバ
昆虫類,クロテンケンモンスズメ
昆虫類,クロテンシロチョウ
昆虫類,クロテントウトビハムシ
昆虫類,クロテンハイイロコケガ
昆虫類,クロナガオサムシ
昆虫類,クロハナカミキリ
昆虫類,クロバアカサシガメ
昆虫類,クロヒカゲ
昆虫類,クロヒカゲモドキ
昆虫類,クロヒカゲ御蔵島亜種
昆虫類,クロヒバリモドキ
昆虫類,クロヒメアリ
昆虫類,クロヒメゲンゴロウ
昆虫類,クロフアシナガカッコウムシ
昆虫類,クロフカバシャク
昆虫類,クロホウジャク
昆虫類,クロホソコバネカミキリ
昆虫類,クロボシセセリ
昆虫類,クロマダラカメノコハムシ
昆虫類,クロマダラソテツシジミ
昆虫類,クロマダラタマムシ
昆虫類,クロマメゲンゴロウ
昆虫類,クロミドリシジミ
昆虫類,クロメンガタスズメ
昆虫類,クロモンオエダシｬク
昆虫類,クロモンシタバ
昆虫類,クロモンミヤマナミシャク
昆虫類,クロモンヤマトヨコバイ
昆虫類,クロヨコモンヒメハナカミキリ
昆虫類,クロルリハナカミキリ
昆虫類,クワヤマエグリシャチホコ
昆虫類,クワヤマトラカミキリルイ
昆虫類,グマガトビケラ
昆虫類,グンバイトンボ
昆虫類,ケカゲロウ
昆虫類,ケシカミキリ
昆虫類,ケシゲンゴロウ
昆虫類,ケシヒラタガムシ
昆虫類,ケナガカミキリ
昆虫類,ケブカチビメクラガメ
昆虫類,ケブカマルクビカミキリ
昆虫類,ケブトハナカミキリ
昆虫類,ケマダラカミキリ
昆虫類,ケンサンメクラチビゴミムシ
昆虫類,ケンザンヌレチゴミムシ
昆虫類,ケンザンミヤママルガタゴミムシ
昆虫類,ケンモンキシタバ
昆虫類,ゲンゴロウ
昆虫類,ゲンゴロウモドキ
昆虫類,ゲンジボタル
昆虫類,コイズミヨトウ
昆虫類,コウカアブ
昆虫類,コウスバカゲロウ
昆虫類,コウチスズメ
昆虫類,コウトウシロシタセセリ
昆虫類,コウノジュウジベニボタル
昆虫類,コウベツブゲンゴロウ
昆虫類,コウヤホソハナカミキリ
昆虫類,コエゾゼミ
昆虫類,コエゾトンボ
昆虫類,コエビカラスズメ
昆虫類,コエビガラスズメ
昆虫類,コオイムシ
昆虫類,コオナガミズスマシ
昆虫類,コオニヤンマ
昆虫類,コオノスジガバチモドキ
昆虫類,コカスリウスバカゲロウ
昆虫類,コガタキシタバ
昆虫類,コガタノゲンゴロウ
昆虫類,コキマダラセセリ
昆虫類,コクシエグリシャチホコ
昆虫類,コクロナガタマムシ
昆虫類,コクロマメゲンゴロウ
昆虫類,コクワガタ
昆虫類,コグレヨトウ
昆虫類,コケイロホソキリガ
昆虫類,コケエダシャク
昆虫類,コケシゲンゴロウ
昆虫類,コケシロアリモドキ
昆虫類,コゲチャサビカミキリ
昆虫類,コゲチャヒラタカミキリ
昆虫類,コゲンゴロウモドキ
昆虫類,コサナエ
昆虫類,コシアキトンボ
昆虫類,コシタベニスズメ
昆虫類,コシブトトンボ
昆虫類,コシボソヤンマ
昆虫類,コシマゲンゴロウ
昆虫類,コシマチビゲンゴロウ
昆虫類,コシロシタバ
昆虫類,コシロスジアオシャク
昆虫類,コジマヒゲナガコバネカミキリ
昆虫類,コジマベニスジカミキリ
昆虫類,コジャノメ
昆虫類,コスズメ
昆虫類,コセアカアメンボ
昆虫類,コダマジガバチモドキ
昆虫類,コチャバネセセリ
昆虫類,コツバメ
昆虫類,コツブゲンゴロウ
昆虫類,コツヤマグソコガネ
昆虫類,コトヒメハナカミキリ
昆虫類,コトラガ
昆虫類,コナカハグロトンボ
昆虫類,コニワハンミョウ
昆虫類,コヌカアリ
昆虫類,コノシメトンボ
昆虫類,コノハチョウ
昆虫類,コハイイロヨトウ
昆虫類,コハンミョウ
昆虫類,コハンミョウモドキ
昆虫類,コバネアオイトトンボ
昆虫類,コバネイナゴ
昆虫類,コバヤシヤブカ
昆虫類,コバンムシ
昆虫類,コヒオドシ
昆虫類,コヒオドシ（ヒメヒオドシ）
昆虫類,コヒトツメオオシロヒメシャク
昆虫類,コヒョウモン
昆虫類,コヒョウモンモドキ
昆虫類,コヒラタカメムシ
昆虫類,コフキオオメトンボ
昆虫類,コフキショウジョウトンボ
昆虫類,コフキトンボ
昆虫類,コフキヒメイトトンボ
昆虫類,コブオオニジュウヤホシテントウ
昆虫類,コブナナフシ
昆虫類,コブヤハズカミキリ
昆虫類,コベニモンメクラガメ
昆虫類,コマダラウスバカゲロウ
昆虫類,コマルケシゲンゴロウ
昆虫類,コマルハナバチ
昆虫類,コミスジ
昆虫類,コミズスマシ
昆虫類,コムラサキ
昆虫類,コモンキノコゴミムシダマシ
昆虫類,コモンタイマイ
昆虫類,コモンヒメハネビロトンボ
昆虫類,コモンマダラ
昆虫類,コヤマトンボ
昆虫類,コヨツスジハナカミキリ
昆虫類,コルリクワガタ
昆虫類,コロギス
昆虫類,コンゴウオサムシ
昆虫類,ゴイシシジミ
昆虫類,ゴキブリヤセバチ
昆虫類,ゴトウアカメイトトンボ
昆虫類,ゴマシオキシタバ
昆虫類,ゴマシオケンモン
昆虫類,ゴマシジミ
昆虫類,ゴマダラチビゲンゴロウ
昆虫類,ゴマダラチョウ
昆虫類,ゴマフオオホソバ
昆虫類,ゴマフトビケラ
昆虫類,サイゴクヒメハナカミキリ
昆虫類,サイトムカシゲンゴロウ
昆虫類,サカグチキドクガ
昆虫類,サカハチチョウ
昆虫類,サカハチトガリバ
昆虫類,サキシママドボタル
昆虫類,サキシマヤマトンボ
昆虫類,サキシマヤンマ
昆虫類,サクツクリハバチ
昆虫類,サザナミスズメ
昆虫類,サザナミナミシャク
昆虫類,サザレメクラチビゴミムシ
昆虫類,サツマウバタマムシ
昆虫類,サツマオモナガヨコバイ
昆虫類,サツマゴキブリ
昆虫類,サツマシジミ
昆虫類,サツマスズメ
昆虫類,サツマニシキ
昆虫類,サツマヒメカマキリ
昆虫類,サトウナカゴミムシ
昆虫類,サトウメクラチビゴミムシ
昆虫類,サトキマダラヒカゲ
昆虫類,サドコブヤハズカミキリ
昆虫類,サドセスジヒメハナカミキリ
昆虫類,サドチャイロヒメハナカミキリ
昆虫類,サドマイマイカブリ
昆虫類,サヌキキリガ
昆虫類,サビイロナミシャク
昆虫類,サビナガボソタマムシ
昆虫類,サビモンマルチビゲンゴロウ
昆虫類,サムライアリ
昆虫類,サラサヤンマ
昆虫類,サロベツナガケシゲンゴロウ
昆虫類,サワダマメゲンゴロウ
昆虫類,サンカクスジコガネ
昆虫類,シオアメンボ
昆虫類,シオカラトンボ
昆虫類,シオヤアブ
昆虫類,シオヤトンボ
昆虫類,シキネキマワリ
昆虫類,シコクアブ
昆虫類,シコクアリヅカウンカ
昆虫類,シコククロナガオサムシ
昆虫類,シコクトゲオトンボ
昆虫類,シコクヒメコブハナカミキリ
昆虫類,シコクヒメハナカミキリ
昆虫類,シコクミジンキスイ
昆虫類,シタベニスズメ
昆虫類,シチトウクロウリハムシ
昆虫類,シナカミキリ
昆虫類,シナノエンマコガネ
昆虫類,シナノキチビタマムシ
昆虫類,シナノクロフカミキリ
昆虫類,シナノヒメハナカミキリ
昆虫類,シナマダラテントウ
昆虫類,シノダテメクラチビゴミムシ
昆虫類,シバカワトゲシリアゲ
昆虫類,シバタヒゲナガアリヅカムシ
昆虫類,シブイロカヤキリモドキ
昆虫類,シベチヤキリガ
昆虫類,シベチヤケンモン
昆虫類,シマアカネ
昆虫類,シマアメンボ
昆虫類,シマキリガ
昆虫類,シマケシゲンゴロウ
昆虫類,シマゲンゴロウ
昆虫類,シマコンボウハバチ
昆虫類,シマチビゲンゴロウ
昆虫類,シマトゲバカミキリ
昆虫類,シモフリスズメ
昆虫類,シモヤマギングチバチ
昆虫類,シモヤマジガバチモドキ
昆虫類,シモヤマナガクチキムシ
昆虫類,シモヤマヤドリキバチ
昆虫類,シャクダイメクラチビゴミムシ
昆虫類,シャクトリノメイガ
昆虫類,シャープゲンゴロウモドキ
昆虫類,シャープツブゲンゴロウ
昆虫類,ショウジョウトンボ
昆虫類,シラキトビナナフシ
昆虫類,シラネヒメハナカミキリ
昆虫類,シラフオガサワラナガタマムシ
昆虫類,シラフヒゲナガカミキリ
昆虫類,シラホシヒゲナガコバネカミキリ
昆虫類,シラユキヒメハナカミキリ
昆虫類,シララカハナカミキリ
昆虫類,シリトゲナカゴミムシ
昆虫類,シルビアシジミ
昆虫類,シロウズアリシミ
昆虫類,シロウミアメンボ
昆虫類,シロウラナミシジミ
昆虫類,シロオビアオシャク
昆虫類,シロオビアゲハ
昆虫類,シロオビコバネナミシャク
昆虫類,シロオビヒカゲ
昆虫類,シロオビヒメヒカゲ
昆虫類,シロオビホウジャク
昆虫類,シロオビマダラ
昆虫類,シロオビヨトウ
昆虫類,シロシタバ
昆虫類,シロスジコガネ
昆虫類,シロスジヒメカタゾウ
昆虫類,シロスジヒメバチ
昆虫類,シロスジメダカハンミョウ
昆虫類,シロズエダシャク
昆虫類,シロズヒラタハバチ
昆虫類,シロタニガワカゲロウ
昆虫類,シロバネカワトンボ
昆虫類,シロフクロノメイガ
昆虫類,シロヘリハンミョウ
昆虫類,シロヘリハンミョウ三宅島亜種
昆虫類,シロマダラヒメヨトウ
昆虫類,シロミスジ
昆虫類,シロミミハイイロヨトウ
昆虫類,シロモンアカガネヨトウ
昆虫類,シロモンツトガ
昆虫類,シロモントゲトゲゾウムシ
昆虫類,シワナガキマワリ
昆虫類,シンジュキノカワガ
昆虫類,シンジュサン
昆虫類,シータテハ
昆虫類,ジャアナヒラタゴミムシ
昆虫類,ジャコウアゲハ
昆虫類,ジャコウホソハナカミキリ
昆虫類,ジャノメチョウ
昆虫類,ジャンボトリバ
昆虫類,ジャーシイアブ
昆虫類,ジュウロクホシテントウ
昆虫類,ジョウザンケンモン
昆虫類,ジョウザンシジミ
昆虫類,ジョウザンミドリシジミ
昆虫類,ジョナスキシタバ
昆虫類,スイバトビハムシ
昆虫類,スカシアミカ
昆虫類,スカシカギバ
昆虫類,スカシカレハ
昆虫類,スカシシリアゲモドキ
昆虫類,スカシドクガ
昆虫類,スカシバチビゴキブリ
昆虫類,スキバホウジャク
昆虫類,スギタニアオケンモン
昆虫類,スギタニゴマケンモン
昆虫類,スギタニモンキリガ
昆虫類,スギタニルリシジミ
昆虫類,スケバハゴロモ
昆虫類,スジキイロメクラガメ
昆虫類,スジクワガタ
昆虫類,スジグロカバマダラ
昆虫類,スジグロキヨトウ
昆虫類,スジグロシロチョウ
昆虫類,スジグロシロマダラ（コウトウマダラ）
昆虫類,スジグロチャバネセセリ
昆虫類,スジゲンゴロウ
昆虫類,スジシリアゲ
昆虫類,スジシロキヨトウ
昆虫類,スジブトヒラタクワガタ
昆虫類,スジボソヤマキチョウ
昆虫類,スズムシ
昆虫類,スナアカネ
昆虫類,スネケブカヒロコバネカミキリ
昆虫類,スミイロハナカミキリ
昆虫類,スミナガシ
昆虫類,スモモエダシャク
昆虫類,ズグロシラホシカメムシ
昆虫類,セアカアメンボ
昆虫類,セアカオサムシ
昆虫類,セグロアシナカバチ
昆虫類,セコブナガキマワリ
昆虫類,セスジアメンボ
昆虫類,セスジイトトンボ
昆虫類,セスジゲンゴロウ
昆虫類,セスジスズメ
昆虫類,セスジヒメハナカミキリ
昆虫類,セダカコガシラアブ
昆虫類,セダカコブヤハズカミキリ
昆虫類,セダカコミズギワゴミムシ
昆虫類,セダカテントウダマシ
昆虫類,セッケイカワゲラ
昆虫類,セッケイカワゲラモドキ
昆虫類,セナガアナバチ
昆虫類,セブトシロホシクロヨトウ
昆虫類,セブトモクメ
昆虫類,セミヤドリガ
昆虫類,センブリ
昆虫類,ゼンジョウメクラチビゴミムシ
昆虫類,ソウウンアワフキ
昆虫類,ソウンクロオビナミシャク
昆虫類,ソテツシジミ
昆虫類,ソボツチスガリ
昆虫類,ソボリンゴカミキリ
昆虫類,ソーンダースナガタマムシ
昆虫類,タイコウチ
昆虫類,タイシャクナガチビゴミムシ
昆虫類,タイリクアカネ
昆虫類,タイリクアキアカネ
昆虫類,タイリクアシブトクチバ
昆虫類,タイリクショウジョウトンボ
昆虫類,タイワンアオバセセリ
昆虫類,タイワンアサギマダラ
昆虫類,タイワンウチワヤンマ
昆虫類,タイワンエンマコオロギ
昆虫類,タイワンオオクワガタ
昆虫類,タイワンオオテントウダマシ
昆虫類,タイワンオオハキリバチ
昆虫類,タイワンオジロサナエ
昆虫類,タイワンカネタタキ
昆虫類,タイワンカンクン
昆虫類,タイワンキチョウ
昆虫類,タイワンキマダラ
昆虫類,タイワンクチバスズメ
昆虫類,タイワンクツワムシ
昆虫類,タイワンクロホシシジミ
昆虫類,タイワンケシゲンゴロウ
昆虫類,タイワンコオイムシ
昆虫類,タイワンコヤマトンボ
昆虫類,タイワンサザナミスズメ
昆虫類,タイワンシオカラトンボ
昆虫類,タイワンシオヤトンボ
昆虫類,タイワンシマアメンボ
昆虫類,タイワンシロチョウ
昆虫類,タイワンセスジゲンゴロウ
昆虫類,タイワンタイコウチ
昆虫類,タイワンタガメ
昆虫類,タイワンツバメシジミ
昆虫類,タイワンヒグラシ
昆虫類,タイワンマツモムシ
昆虫類,タイワンモンシロチョウ
昆虫類,タカオキリガ
昆虫類,タカオメダカカミキリ
昆虫類,タカサゴシロカミキリ
昆虫類,タカネオオハマキ
昆虫類,タカネキマダラセセリ
昆虫類,タカネクロヤマアリ
昆虫類,タカネコヒゲナガ
昆虫類,タカネトンボ
昆虫類,タカネハイイロヨトウ
昆虫類,タカネハバチ
昆虫類,タカネヒカゲ
昆虫類,タカネヒナバッタ
昆虫類,タカネヒメハナカミキリ
昆虫類,タカネムネボソアリ
昆虫類,タカネヨトウ
昆虫類,タカハシトゲゾウムシ
昆虫類,タカラカタビロアメンボ
昆虫類,タガメ
昆虫類,タケウチエダシャク
昆虫類,タケウチトゲアワフキ
昆虫類,タケウチヒゲナガコバネカミキリ
昆虫類,タケウチホソハナカミキリ
昆虫類,タケトラカミキリ
昆虫類,タッパンルリシジミ
昆虫類,タツタカモクメシャチホコ
昆虫類,タテジマホソハナカミキリ
昆虫類,タテスジハンミョウ
昆虫類,タテハモドキ
昆虫類,タテヤマコミドリハナバエ
昆虫類,タテヤママルクビゴミムシ
昆虫類,タテヤママルトビムシ
昆虫類,タニガワモクメキリガ
昆虫類,タニグチコブヤハズカミキリ
昆虫類,タベサナエ
昆虫類,タマケシゲンゴロウ
昆虫類,タマヌキカレハ
昆虫類,タマムシ
昆虫類,タマメクラチビゴミムシ
昆虫類,ダイコクコガネ
昆虫類,ダイセツオサムシ
昆虫類,ダイセツキシタヨトウ
昆虫類,ダイセツタカネヒカゲ
昆虫類,ダイセツドクガ
昆虫類,ダイセツヒトリ
昆虫類,ダイセツマメゲンゴロウ
昆虫類,ダイセツヤガ
昆虫類,ダイセンシジミ(ウラミスジシジミ)
昆虫類,ダイセンナガゴミムシ
昆虫類,ダイトウヒメハルゼミ
昆虫類,ダイトウマメクワガタ
昆虫類,ダイミョウガガンボ
昆虫類,ダイミョウガガンボゾク
昆虫類,ダイミョウセセリ
昆虫類,ダイリフキバッタ
昆虫類,ダビドサナエ
昆虫類,ダルマウンカ
昆虫類,ダンドコフキクロバエ
昆虫類,チクシトゲアリ
昆虫類,チシヤノキクキバチ
昆虫類,チッチゼミ
昆虫類,チビカワトンボ
昆虫類,チビクロアツバ
昆虫類,チビクワガタ
昆虫類,チビゲンゴロウ
昆虫類,チビコエンマコガネ
昆虫類,チビコツブゲンゴロウ
昆虫類,チビサクラコガネ
昆虫類,チビサナエ
昆虫類,チビシロミミヨトウ
昆虫類,チビセスジゲンゴロウ
昆虫類,チビハナカミキリ
昆虫類,チビヒサゴコメツキ
昆虫類,チビホウジャク
昆虫類,チビマルケシゲンゴロウ
昆虫類,チャイロシマチビゲンゴロウ
昆虫類,チャイロスズメバチ
昆虫類,チャイロチビケンゴロウ
昆虫類,チャイロチビゲンゴロウ
昆虫類,チャイロヒメコブハナカミキリ
昆虫類,チャイロヒメハナカミキリ
昆虫類,チャイロマメゲンゴロウ
昆虫類,チャイロマルバネクワガタ
昆虫類,チャイロムナボソコメツキ
昆虫類,チャオビフユエダシャク
昆虫類,チャオビリンガ
昆虫類,チャグロマグソコガネ
昆虫類,チャドクガ
昆虫類,チャバネカバナミシャク
昆虫類,チャバネキボシアツバ
昆虫類,チャバネクビナガゴミムシ
昆虫類,チャバネセセリ
昆虫類,チャバネヒゲナガカワトビケラ
昆虫類,チャバネホソリンゴカミキリ
昆虫類,チャボハナカミキリ
昆虫類,チャマダラセセリ
昆虫類,チャマダラチビゲンゴロウ
昆虫類,チュウジョウナガゴミムシ
昆虫類,チュウジョウヒメハナカミキリ
昆虫類,チョウセンアカシジミ
昆虫類,チョウセンオオカメムシ
昆虫類,チョウセンケナガニイニイ
昆虫類,チョウセンシロチョウ
昆虫類,チョウセンヒラタクワガタ
昆虫類,チョウトンボ
昆虫類,チラカゲロウ
昆虫類,チンメルマンセスジゲンゴロウ
昆虫類,ツガルチシマシデムシ
昆虫類,ツクシカラスヨトウ
昆虫類,ツクシリンガ
昆虫類,ツクツクボウシ
昆虫類,ツゲノメイガ
昆虫類,ツシマウラボシシジミ
昆虫類,ツシマオオカメムシ
昆虫類,ツシマカブリモドキ
昆虫類,ツシマキシタヨトウ
昆虫類,ツシマキボシカメムシ
昆虫類,ツシマコメツキモドキ
昆虫類,ツシマハイイロハナカミキリ
昆虫類,ツシマヒメハナカミキリ
昆虫類,ツシマヒラタカミキリ
昆虫類,ツシマヒラタシデムシ
昆虫類,ツシマフトギス
昆虫類,ツシマヘビトンボ
昆虫類,ツシマムツボシタマムシ
昆虫類,ツシマムナクボカミキリ
昆虫類,ツチイロキリガ
昆虫類,ツツイキバナガミズギワゴミムシ
昆虫類,ツノアオカメムシ
昆虫類,ツノアカヤマアリ
昆虫類,ツノオオクダアザミウマ
昆虫類,ツノクロツヤムシ
昆虫類,ツノコガネ
昆虫類,ツノトンボ
昆虫類,ツノヒョウタンクワガタ
昆虫類,ツバメシジミ
昆虫類,ツバメシラミバエ
昆虫類,ツブゲンゴロウ
昆虫類,ツマアカベッコウバチ
昆虫類,ツマキチョウ
昆虫類,ツマキレオオミズスマシ
昆虫類,ツマキレオナガミズスマシ
昆虫類,ツマグロキイロゲンセイ
昆虫類,ツマグロキチョウ
昆虫類,ツマグロキヨトウ
昆虫類,ツマグロコメツキ
昆虫類,ツマグロスケバ
昆虫類,ツマグロゼミ
昆虫類,ツマグロハナカミキリ
昆虫類,ツマグロヒメハナカミキリ
昆虫類,ツマグロヒョウモン
昆虫類,ツマグロヒラクコメツキ
昆虫類,ツマジロウラジャノメ
昆虫類,ツマベニチョウ
昆虫類,ツマムラサキマダラ
昆虫類,ツマモンキリガ
昆虫類,ツマモンヒロバカゲロウ
昆虫類,ツヤケシハナカミキリ
昆虫類,ツヤコツブゲンゴロウ
昆虫類,ツヤセスジアメンボ
昆虫類,ツヤハダクワガタ
昆虫類,ツヤバネベニボタル
昆虫類,ツヤヒラタハバチ
昆虫類,ツヤマルタマムシ
昆虫類,ツヤメクラチビゴミムシ
昆虫類,ツルギオサムシ
昆虫類,ツルギツヤムネハネカクシ
昆虫類,ツルギテントウダマシ
昆虫類,ツルギマルグンバイ
昆虫類,ツルギヤマツヤゴモクムシ
昆虫類,ツルギヤマナガゴミムシ
昆虫類,テツイロハナカミキリ
昆虫類,テツイロビロウドセセリ
昆虫類,テラニシケアリ
昆虫類,テラニシセスジゲンゴロウ
昆虫類,テングアワフキ
昆虫類,テングオオヨコバイ
昆虫類,テングチョウ
昆虫類,テングフトヒラタコメツキ
昆虫類,テントウトビハムシ
昆虫類,トウカイヒメハナカミキリ
昆虫類,トウキョウトラカミキリ
昆虫類,トウキョウヒメカミキリ
昆虫類,トウキョウヒメハンミョウ
昆虫類,トウゲンメクラチビゴミムシ
昆虫類,トウホクトラカミキリ
昆虫類,トウホクナガケシゲンゴロウ
昆虫類,トウホクヒメハナカミキリ
昆虫類,トカラウロコアリ
昆虫類,トカラナガカメムシ
昆虫類,トガリチャバネセセリ
昆虫類,トガリハリバエ
昆虫類,トガリバガガンボモドキ
昆虫類,トガリバネフキバッタ
昆虫類,トガリバホソコバネカミキリ
昆虫類,トゲアシアメンボ
昆虫類,トゲアシオオベッコウ
昆虫類,トゲアリ
昆虫類,トゲウスバカミキリ
昆虫類,トゲオトンボ
昆虫類,トゲジヒメナガクチキムシ
昆虫類,トゲツノカメムシ
昆虫類,トゲナシトゲハムシ
昆虫類,トゲナナフシ
昆虫類,トゲナナフシモドキ
昆虫類,トゲナベブタムシ
昆虫類,トゲヒゲボソヒラタカメムシ
昆虫類,トゲヒシバッタ
昆虫類,トゲヒラタハナムグリ
昆虫類,トゲフタオタマムシ
昆虫類,トゲムネミヤマカミキリ
昆虫類,トサオサムシ
昆虫類,トサヒメハナカミキリ
昆虫類,トサヒラズケンセィ
昆虫類,トサムカシゲンゴロウ
昆虫類,トサメクラゲンゴロウ
昆虫類,トサヤドリキバチ
昆虫類,トダセスジゲンゴロウ
昆虫類,トックリバチ
昆虫類,トドキボシゾウムシ
昆虫類,トドマツノキバチ
昆虫類,トビイロゲンゴロウ
昆虫類,トビイロスズメ
昆虫類,トビイロムナボソコメツキ
昆虫類,トビイロヤンマ
昆虫類,トビイロリンガ
昆虫類,トビナナフシルイ
昆虫類,トホシカミキリ
昆虫類,トホシカメムシ
昆虫類,トホシハナカミキリ
昆虫類,トモクニセスジゲンゴロウ
昆虫類,トモンハナバチ
昆虫類,トヤマオサムシ
昆虫類,トヤマゴマフアブ
昆虫類,トラフカクイカ
昆虫類,トラフシジミ
昆虫類,トラフツバメエダシャク
昆虫類,トラフトンボ
昆虫類,トラフヒトリ
昆虫類,トラフホソバネカミキリ
昆虫類,トラマルハナバチ
昆虫類,トワダオオカ
昆虫類,トワダカワケラモドキ
昆虫類,トワダカワゲラ
昆虫類,トワダムモンメダカカミキリ
昆虫類,トンボダニカ
昆虫類,ドウケツセイトビムシルイ
昆虫類,ナカオドウメクラチビゴミムシ
昆虫類,ナカグロナギナタミバエ
昆虫類,ナカネアメイロカミキリ
昆虫類,ナカネナガゴミムシ
昆虫類,ナカモンカギバ
昆虫類,ナガケシゲンゴロウ
昆虫類,ナガサキアゲハ
昆虫類,ナガサキクビナガゴミムシ
昆虫類,ナガスネエンマコガネ
昆虫類,ナガチビゲンゴロウ
昆虫類,ナガチビゴミムシ
昆虫類,ナガバヒメハナカミキリ
昆虫類,ナガヒラタカメムシ
昆虫類,ナガホラアナヒラタゴミムシ
昆虫類,ナガマルチビゲンゴロウ
昆虫類,ナゴヤサナエ
昆虫類,ナシアシブトハバチ
昆虫類,ナチキシタドクガ
昆虫類,ナツアカネ
昆虫類,ナナフシモドキ
昆虫類,ナニワトンボ
昆虫類,ナベブタムシ
昆虫類,ナマリキシタバ
昆虫類,ナマリキリガ
昆虫類,ナミアゲハ（アゲハ・アゲハチョウ）
昆虫類,ナミエシロチョウ
昆虫類,ナミスジツブゲンゴロウ
昆虫類,ナワダイミョウガガンボ
昆虫類,ナンキコブヤハズカミキリ
昆虫類,ナンブジガバチモドキ
昆虫類,ナンヨウヒメハネビロトンボ
昆虫類,ナンヨウベッコウトンボ
昆虫類,ニイタカハナカミキリ
昆虫類,ニイニイゼミ
昆虫類,ニシカワトンボ
昆虫類,ニシキキンウワバ
昆虫類,ニシキキンカメムシ
昆虫類,ニセコウスバカゲロウ
昆虫類,ニセコルリクワガタ
昆虫類,ニセシナノクロフカミキリ
昆虫類,ニセタバコガ
昆虫類,ニセノコギリカミキリ
昆虫類,ニセハイイロハナカミキリ
昆虫類,ニセハコネホソハナカミキリ
昆虫類,ニセハムシハナカミキリ
昆虫類,ニセフタオビチビハナカミキリ
昆虫類,ニセミカドアツバ
昆虫類,ニセミヤママルガタゴミムシ
昆虫類,ニセヨコモンヒメハナカミキリ
昆虫類,ニセルイスツブゲンゴロウ
昆虫類,ニッコウヒメハナカミキリ
昆虫類,ニッコウフサヤガ
昆虫類,ニッコウホシシリアゲ
昆虫類,ニッコウホソヒラタゴミムシ
昆虫類,ニッポンアミカモドキ
昆虫類,ニッポンセンブリ
昆虫類,ニッポントゲムネアナバチ
昆虫類,ニッポンヒゲナガカワトビケラ
昆虫類,ニッポンホホナガスズメバチ
昆虫類,ニッポンモモブトコバネカミキリ
昆虫類,ニトベギングチバチ
昆虫類,ニホンセセリモドキ
昆虫類,ニホンフトヒラクコメツキ
昆虫類,ニホンミツバチ
昆虫類,ニョウホウホソハナカミキリ
昆虫類,ニワハンミョウ
昆虫類,ニンフホソハナカミキリ
昆虫類,ヌカビラネジロキリガ
昆虫類,ヌバタマハナカミキリ
昆虫類,ネアオフトメイガ
昆虫類,ネアカナカジロナミシャク
昆虫類,ネアカヨシヤンマ
昆虫類,ネキトンボ
昆虫類,ネグロアツバ
昆虫類,ネグロカワウンカ
昆虫類,ネグロクサアブ
昆虫類,ネグロミズアブ
昆虫類,ネジロフトクチバ
昆虫類,ネスジシャチホコ
昆虫類,ネッタイアカセセリ
昆虫類,ネブトクワガタ
昆虫類,ノコギリカメムシ
昆虫類,ノコギリクワガタ
昆虫類,ノコギリスズメ
昆虫類,ノコバフサヤガ
昆虫類,ノコメキシタバ
昆虫類,ノシメコヤガ
昆虫類,ノシメトンボ
昆虫類,ノムラツバメエダシャク
昆虫類,ハイイロゲンゴロウ
昆虫類,ハイイロハガタヨトウ
昆虫類,ハイイロハナカミキリ
昆虫類,ハイモンキシタバ
昆虫類,ハウチワウンカ
昆虫類,ハエトリバチ
昆虫類,ハガタスズメ
昆虫類,ハガタマエチャナミシャク
昆虫類,ハクサンクロナガオサムシ
昆虫類,ハクサンゴマフアブ
昆虫類,ハクサンシリアゲ
昆虫類,ハクサンツノマユブユ
昆虫類,ハクサンホシシリアゲ
昆虫類,ハクサンホソヒメクロオサムシ
昆虫類,ハクサンヤブカ
昆虫類,ハクバヒメハナカミキリ
昆虫類,ハグルマヤママユ
昆虫類,ハグロトンボ
昆虫類,ハコネバラハバチ
昆虫類,ハコネホソハナカミキリ
昆虫類,ハスオビアヤナミアツバ
昆虫類,ハスオビトガリシャク
昆虫類,ハセガワトラカミキリ
昆虫類,ハチジョウウスアヤカミキリ
昆虫類,ハチジョウシギゾウ
昆虫類,ハチジョウノコギリクワガタ
昆虫類,ハチジョウノミゾウ
昆虫類,ハッチョウトンボ
昆虫類,ハナセヒラクチハバチ
昆虫類,ハナダカトンボ
昆虫類,ハナダカバチ
昆虫類,ハナナガヒメベッコウ
昆虫類,ハネナガイナゴ
昆虫類,ハネナガチョウトンボ
昆虫類,ハネナガブドウスズメ
昆虫類,ハネナシアメンボ
昆虫類,ハネナシコロギス
昆虫類,ハネナシチビカミキリ
昆虫類,ハネビロエゾトンボ
昆虫類,ハネビロトンボ
昆虫類,ハネビロハナカミキリ
昆虫類,ハネブサシャチホコ
昆虫類,ハビロキンヘリタマムシ
昆虫類,ハベメクラチビゴミムシ
昆虫類,ハマオモトヨトウ
昆虫類,ハマスズ
昆虫類,ハマダラハルカ
昆虫類,ハマベウスバカゲロウ
昆虫類,ハマベゾウムシ
昆虫類,ハマベヒメサビキコリ
昆虫類,ハマヤガ
昆虫類,ハマヤマトシジミ
昆虫類,ハヤシミドリシジミ
昆虫類,ハヤチネヌレチゴミムシ
昆虫類,ハヤチネフキバッタ
昆虫類,ハラアカコブカミキリ
昆虫類,ハラアカハキリバチヤドリ
昆虫類,ハラグロオオテントウ
昆虫類,ハラグロコガネショウジョウバエ
昆虫類,ハラビロトンボ
昆虫類,ハラビロハネカクシ
昆虫類,ハラビロハンミョウ
昆虫類,ハラボソトンボ
昆虫類,ハルゼミ
昆虫類,ハルタウスクモエダシャク
昆虫類,ハンノオオルリカミキリ
昆虫類,ハンミョウ
昆虫類,ハンミョウモドキ
昆虫類,バイケイソウハバチ
昆虫類,バナナセセリ
昆虫類,ババアメンボ
昆虫類,ババオオヨコバィ
昆虫類,バンタイマイマイ
昆虫類,ヒイロハナカミキリ
昆虫類,ヒイロホソガタナガクチキムシ
昆虫類,ヒオドシチョウ
昆虫類,ヒカゲチョウ
昆虫類,ヒガシカワトンボ
昆虫類,ヒグラシ
昆虫類,ヒゲコガネ
昆虫類,ヒゲシロホソコバネカミキリ
昆虫類,ヒゲジロクビナガキバチ
昆虫類,ヒゲジロハナカミキリ
昆虫類,ヒゲナガカミキリ
昆虫類,ヒゲナガコブヤハズカミキリ
昆虫類,ヒゲナガサシアブ
昆虫類,ヒゲナガトビイロサシガメ
昆虫類,ヒゲナガハバチ
昆虫類,ヒゲナガホソクチゾウムシ
昆虫類,ヒゲナガホソハナカミキリ
昆虫類,ヒゲブトグンバイ
昆虫類,ヒゲブトコツブゲンゴロウ
昆虫類,ヒゲブトナガクチキムシ
昆虫類,ヒゲブトハナカミキリ
昆虫類,ヒゲブトハナムグリ
昆虫類,ヒコサンセスジゲンゴロウ
昆虫類,ヒコサンヒメハナカミキリ
昆虫類,ヒゴノトゲトゲ
昆虫類,ヒサゴクサキリ
昆虫類,ヒサゴゴミムシダマシ
昆虫類,ヒサゴスズメ
昆虫類,ヒサゴチビゴミムシ
昆虫類,ヒサマツナガゴミムシ
昆虫類,ヒサマツミドリシジミ
昆虫類,ヒザグロメダカハネカクシ
昆虫類,ヒスイヒメハナカミキリ
昆虫類,ヒナカマキリ
昆虫類,ヒナヤマトンボ
昆虫類,ヒナルリハナカミキリ
昆虫類,ヒヌマイトトンボ
昆虫類,ヒマラヤハガタヨトウ
昆虫類,ヒミコヒメハナカミキリ
昆虫類,ヒミセメクラチビゴミムシ
昆虫類,ヒメアカタテハ
昆虫類,ヒメアカネ
昆虫類,ヒメアカハナカミキリ
昆虫類,ヒメアメンボ
昆虫類,ヒメイチモンジセセリ
昆虫類,ヒメイトトンボ
昆虫類,ヒメウスバシロチョウ
昆虫類,ヒメウチスズメ
昆虫類,ヒメウラナミシジミ
昆虫類,ヒメウラナミジャノメ
昆虫類,ヒメオオクワガタ
昆虫類,ヒメオサムシ
昆虫類,ヒメカマキリ
昆虫類,ヒメカマキリモドキ
昆虫類,ヒメキシタヒトリ
昆虫類,ヒメキトンボ
昆虫類,ヒメキマエホソバ
昆虫類,ヒメキマダラセセリ
昆虫類,ヒメキマダラヒカゲ
昆虫類,ヒメギフチョウ
昆虫類,ヒメギンヤンマ（対象外）
昆虫類,ヒメクサキリ
昆虫類,ヒメクダマキモドキ
昆虫類,ヒメクチバスズメ
昆虫類,ヒメクビナガキバチ
昆虫類,ヒメクロイラガ
昆虫類,ヒメクロオサムシ
昆虫類,ヒメクロサナエ
昆虫類,ヒメクロホウジャク
昆虫類,ヒメケシゲンゴロウ
昆虫類,ヒメゲンゴロウ
昆虫類,ヒメコウモリ
昆虫類,ヒメコブヤハズカミキリ
昆虫類,ヒメコマグソコガネ
昆虫類,ヒメコモンアサギマダラ
昆虫類,ヒメサザナミスズメ
昆虫類,ヒメサナエ
昆虫類,ヒメシジミ
昆虫類,ヒメシマチビゲンゴロウ
昆虫類,ヒメシロシタバ
昆虫類,ヒメシロチョウ
昆虫類,ヒメジャノメ
昆虫類,ヒメジュウジナガカメムシ
昆虫類,ヒメスジキノコヨトウ
昆虫類,ヒメスズメ
昆虫類,ヒメスズメバチ
昆虫類,ヒメセスジアメンボ
昆虫類,ヒメタイコウチ
昆虫類,ヒメダイコクコガネ
昆虫類,ヒメダルマハナカメムシ
昆虫類,ヒメチビシデムシ
昆虫類,ヒメチャバネゴキブリ
昆虫類,ヒメチャマダラセセリ
昆虫類,ヒメツチハンミョウ
昆虫類,ヒメツユムシ
昆虫類,ヒメテントウトビハムシ
昆虫類,ヒメトンボ
昆虫類,ヒメハナカミキリ
昆虫類,ヒメハネビロトンボ
昆虫類,ヒメハルゼミ
昆虫類,ヒメハンミョウ御蔵島亜種
昆虫類,ヒメヒカゲ
昆虫類,ヒメビロウドカミキリ
昆虫類,ヒメフチトリゲンゴロウ
昆虫類,ヒメホウジャク
昆虫類,ヒメホソサナエ
昆虫類,ヒメボタル
昆虫類,ヒメマイマイカブリ
昆虫類,ヒメマダラナガカメムシ
昆虫類,ヒメミズカマキリ
昆虫類,ヒメミズスマシ
昆虫類,ヒメミヤマメダカゴミムシ
昆虫類,ヒメヤツボシハンミョウ
昆虫類,ヒメヤママユ
昆虫類,ヒメヨツスジハナカミキリ
昆虫類,ヒメリスアカネ
昆虫類,ヒョウマダラ
昆虫類,ヒョウモンチョウ
昆虫類,ヒョウモンモドキ
昆虫類,ヒラアシキバチ
昆虫類,ヒラサナエ
昆虫類,ヒラズオオアリ
昆虫類,ヒラタクワガタ
昆虫類,ヒラタミミズク
昆虫類,ヒラヤマコブハナカミキリ
昆虫類,ヒロオビミドリシジミ
昆虫類,ヒロシマサナエ
昆虫類,ヒロシマツノマユブユ
昆虫類,ビックニセハムシハナカミキリ
昆虫類,ビロウドツリアブ
昆虫類,ビロウドハマキ
昆虫類,ビロードスズメ
昆虫類,ピックニセハムシハナカミキリ
昆虫類,フイリヒメハナカミキリ
昆虫類,フクイアナバチ
昆虫類,フクイジガバチモドキ
昆虫類,フクスジチョウ
昆虫類,フサオシャチホコ
昆虫類,フシキキシクバ
昆虫類,フシキキシタバ
昆虫類,フジキオビ
昆虫類,フジコブヤハズカミキリ
昆虫類,フジシロミャクヨトウ
昆虫類,フジジガバチ
昆虫類,フジヒメハナカミキリ
昆虫類,フジミドリシジミ
昆虫類,フタイロカミキリモドキ
昆虫類,フタオチョウ
昆虫類,フタオビチビハナカミキリ
昆虫類,フタオビハバチ
昆虫類,フタオビミドリトラカミキリ
昆虫類,フタガタハナアブ
昆虫類,フタキボシケシゲンゴロウ
昆虫類,フタコブルリハナカミキリ
昆虫類,フタスジカタビロハナカミキリ
昆虫類,フタスジサナエ
昆虫類,フタスジチョウ
昆虫類,フタスジハナカミキリ
昆虫類,フタテンツノカメムシ
昆虫類,フタテンナガアワフキ
昆虫類,フタホシアリバチ
昆虫類,フタホシドクガ
昆虫類,フタモンアシナガバチ
昆虫類,フタモンアワフキバチ
昆虫類,フタモンウバタマコメツキ
昆虫類,フタモンホソヒゲカミキリ
昆虫類,フチグロトゲエダシャク
昆虫類,フチグロヤツボシカミキリ
昆虫類,フチトリアツバコガネ
昆虫類,フチトリゲンゴロウ
昆虫類,フトアナアキゾウムシ
昆虫類,フトエリマキヒメハナカミキリ
昆虫類,フトオビコンボウハバチ
昆虫類,フトオビホソバスズメ
昆虫類,フリッツェホウジャク
昆虫類,フリツツエホウジャク
昆虫類,フルトネニクバエ
昆虫類,ブチヒゲハナカミキリ
昆虫類,ブチヒゲヤナギドクガ
昆虫類,ブドウスズメ
昆虫類,ブドウトラカミキリ
昆虫類,ブナアオシャチホコ
昆虫類,ブナヒラアブラムシ
昆虫類,ブロイニングカミキリ
昆虫類,ブービエヒメハナカミキリ
昆虫類,ヘイケボタル
昆虫類,ヘグラシモフリコメツキ
昆虫類,ヘビトンボ
昆虫類,ヘリアカキンノメイガ
昆虫類,ヘリウスハナカミキリ
昆虫類,ヘリカメムシ
昆虫類,ヘリグロアオカミキリ
昆虫類,ヘリグロエダシャク
昆虫類,ヘリグロチャバネセセリ
昆虫類,ヘリグロツユムシ
昆虫類,ヘリグロホソハナカミキリ
昆虫類,ヘリスジシャチホコ
昆虫類,ヘリハネムシ
昆虫類,ヘ一ネアオハガタヨトウ
昆虫類,ベッコウトンボ
昆虫類,ベッコウバエ
昆虫類,ベニイカリモンガ
昆虫類,ベニイトトンボ
昆虫類,ベニエグリコヤガ
昆虫類,ベニオビジョウカイモドキ
昆虫類,ベニカミキリ
昆虫類,ベニカメノコハムシ
昆虫類,ベニシジミ
昆虫類,ベニシタバ
昆虫類,ベニスズメ
昆虫類,ベニトガリアツバ
昆虫類,ベニトンボ
昆虫類,ベニナガタマムシ
昆虫類,ベニバハナカミキリ
昆虫類,ベニヒカゲ
昆虫類,ベニヒメトンボ
昆虫類,ベニヒラタムシ
昆虫類,ベニモンアゲハ
昆虫類,ベニモンカラスシジミ
昆虫類,ベニモンコノハ
昆虫類,ベニモンマダラ
昆虫類,ベ一ツヒラタカミキリ
昆虫類,ベ一ツヤサカミキリ
昆虫類,ホウジャク
昆虫類,ホクチチビハナカミキリ
昆虫類,ホクリクヒメハナカミキリ
昆虫類,ホシアシブトハバチ
昆虫類,ホシウスバカゲロウ
昆虫類,ホシシャク
昆虫類,ホシチャバネセセリ
昆虫類,ホシヒメホウジャク
昆虫類,ホシベニカミキリ
昆虫類,ホシベニシタヒトリ
昆虫類,ホシホウジャク
昆虫類,ホシボシキチョウ
昆虫類,ホシミスジ
昆虫類,ホシミスジエダシャク
昆虫類,ホソアオクロナガオサムシ
昆虫類,ホソアカオサゾウムシ
昆虫類,ホソアカトンボ
昆虫類,ホソアシナカバチ
昆虫類,ホソエダツトガ
昆虫類,ホソオチョウ（ホソオアゲハ）
昆虫類,ホソガタヒメハナカミキリ
昆虫類,ホソクビツユムシ
昆虫類,ホソクロオビシロナミシャク
昆虫類,ホソクロマメゲンゴロウ
昆虫類,ホソコバネカミキリ
昆虫類,ホソセスジゲンゴロウ
昆虫類,ホソチビアナバチ
昆虫類,ホソツヤヒゲナガコバネカミキリ
昆虫類,ホソツヤルリクワガタ
昆虫類,ホソハナカミキリ
昆虫類,ホソハンミョウ
昆虫類,ホソバスズメ
昆虫類,ホソバセセリ
昆虫類,ホソバネグロシャチホコ
昆虫類,ホソバヒョウモン
昆虫類,ホソバミツモンケンモン
昆虫類,ホソバミドリヨトウ
昆虫類,ホソヒメクロオサムシ
昆虫類,ホソヒラタシデムシ
昆虫類,ホソマルチビゲンゴロウ
昆虫類,ホソミイトトンボ
昆虫類,ホソミオツネントンボ
昆虫類,ホソミシオカラトンボ
昆虫類,ホソミセスジアメンボ
昆虫類,ホソミモリトンボ
昆虫類,ホソムネクロナガオサムシ
昆虫類,ホソメダカナガカメムシ
昆虫類,ホソモモブトカミキリ
昆虫類,ホタルガ
昆虫類,ホッカイジョウカイ
昆虫類,ホッキョクモンヤガ
昆虫類,ホホアカクロバエ
昆虫類,ホラアナヒラタゴミムシ
昆虫類,ホラズミウマ
昆虫類,ホリイコシジミ
昆虫類,ホリシャルリシジミ
昆虫類,ホンサナエ
昆虫類,ホンシュウオオイチモンジシマゲンゴロウ
昆虫類,ホンシュウクモマヒナバッタ
昆虫類,マイコアカネ
昆虫類,マイコトラガ
昆虫類,マイマイカブリ
昆虫類,マイマイツツハナバチ
昆虫類,マエアカヒトリ
昆虫類,マエグロシラオビアカガネヨトウ
昆虫類,マエグロハネナガウンカ
昆虫類,マエグロマイマイ
昆虫類,マエジマアシブトウンカ
昆虫類,マエナミサビキコリ
昆虫類,マエフタスジトゲシリアゲ
昆虫類,マエベニトガリバ
昆虫類,マガイクロハサミムシ
昆虫類,マガタマハンミョウ
昆虫類,マガリキドクガ
昆虫類,マグソクワガタ
昆虫類,マサキウラナミジャノメ
昆虫類,マサキルリマダラ
昆虫類,マサキルリモントンボ
昆虫類,マスダクロホシタマムシ
昆虫類,マダラアシミズカマキリ
昆虫類,マダラウスバカゲロウ
昆虫類,マダラクワガタ
昆虫類,マダラゲンゴロウ
昆虫類,マダラゴキブリ
昆虫類,マダラゴマフカミキリ
昆虫類,マダラシマゲンゴロウ
昆虫類,マダラチズモンアオシャク
昆虫類,マダラチビミノガ
昆虫類,マダラナギナタハバチ
昆虫類,マダラナニワトンボ
昆虫類,マダラメバエ
昆虫類,マダラヤンマ
昆虫類,マツクロスズメ
昆虫類,マツシタヒメハナカミキリ
昆虫類,マツノマダラカミキリ
昆虫類,マツモトマメゲンゴロウ
昆虫類,マツモムシ
昆虫類,マホロバヒメハナカミキリ
昆虫類,マメキシタバ
昆虫類,マメギングチバチ
昆虫類,マメクワガタ
昆虫類,マメゲンゴロウ
昆虫類,マメコバチ
昆虫類,マメハンミョウ
昆虫類,マヤサンオサムシ
昆虫類,マヤサンコブヤハズカミキリ
昆虫類,マユタテアカネ
昆虫類,マルアワフキ
昆虫類,マルオカホソハナカミキリ
昆虫類,マルガタアブ
昆虫類,マルガタゲンゴロウ
昆虫類,マルガタシマチビゲンゴロウ
昆虫類,マルガタハナカミキリ
昆虫類,マルガムシ
昆虫類,マルクビケマダラカミキリ
昆虫類,マルクビツチハンミョウ
昆虫類,マルケシゲンゴロウ
昆虫類,マルコガタノゲンゴロウ
昆虫類,マルタンヤンマ
昆虫類,マルチビゲンゴロウ
昆虫類,マルバネウラナミシジミ
昆虫類,マルバネキシタケンモン
昆虫類,マルバネヒメカゲロウ
昆虫類,マルバネルリマダラ
昆虫類,マルボシハナバエ
昆虫類,マルモンシャチホコ
昆虫類,マンシュウアオモンイトトンボ
昆虫類,マンシュウイトトンボ
昆虫類,マークオサムシ
昆虫類,ミウラメクラゲンゴロウ
昆虫類,ミカドアゲハ
昆虫類,ミカドガガンボ
昆虫類,ミカドジガバチ
昆虫類,ミカボコブガ
昆虫類,ミカワオサムシ
昆虫類,ミカワキョトウ
昆虫類,ミクラチビカミキリ
昆虫類,ミクラミヤマクワガタ
昆虫類,ミサキクシヒゲシマメイガ
昆虫類,ミスジキリガ
昆虫類,ミスジケシタマムシ
昆虫類,ミスジチョウ
昆虫類,ミスジツブタマムシ
昆虫類,ミスジナガクチキムシ
昆虫類,ミスジヒメハナカミキリ
昆虫類,ミスジビロードスズメ
昆虫類,ミスジマルゾウムシ
昆虫類,ミズアブ
昆虫類,ミズイロオナガシジミ
昆虫類,ミズカマキリ
昆虫類,ミズギワアトキリゴミムシ
昆虫類,ミズスマシ
昆虫類,ミズバチ
昆虫類,ミセンヒメハナカミキリ
昆虫類,ミダムスルリマダラ
昆虫類,ミチノクヒメハナカミキリ
昆虫類,ミツカドコオロギ
昆虫類,ミツギリゾウムシ
昆虫類,ミツクリハバチ
昆虫類,ミツバセイボウ
昆虫類,ミツモンケンモン
昆虫類,ミドリカメノコハムシ
昆虫類,ミドリシジミ
昆虫類,ミドリスズメ
昆虫類,ミドリセイボウ
昆虫類,ミドリノメイガ
昆虫類,ミドリヒョウモン
昆虫類,ミナミアオカメムシ
昆虫類,ミナミキバラガガンボ
昆虫類,ミナミコモンマダラ
昆虫類,ミナミツブゲンゴロウ
昆虫類,ミナミトゲヘリカメムシ
昆虫類,ミナミトンボ
昆虫類,ミナミヒゲナガカメムシ
昆虫類,ミナミヤンマ
昆虫類,ミノモマイマイ
昆虫類,ミヤケカレハ
昆虫類,ミヤケジマヨトウ
昆虫類,ミヤケチャイロコガネ
昆虫類,ミヤコニイニイ
昆虫類,ミヤジマコガネヒラタコメツキ
昆虫類,ミヤジマトンボ
昆虫類,ミヤタケヒメツヤヒラタコメツキ
昆虫類,ミヤマアカネ
昆虫類,ミヤマアナアキゾウムシ
昆虫類,ミヤマカラスアゲハ
昆虫類,ミヤマカラスシジミ
昆虫類,ミヤマカワトンボ
昆虫類,ミヤマキシタバ
昆虫類,ミヤマクロオビナミシャク
昆虫類,ミヤマクロハナカミキリ
昆虫類,ミヤマクワガタ
昆虫類,ミヤマコブヤハズカミキリ
昆虫類,ミヤマゴマキリガ
昆虫類,ミヤマサナエ
昆虫類,ミヤマシジミ
昆虫類,ミヤマシロチョウ
昆虫類,ミヤマセセリ
昆虫類,ミヤマダイコクコガネ
昆虫類,ミヤマチビナミシャク
昆虫類,ミヤマチビミズギワコメツキ
昆虫類,ミヤマチャイロヨトウ
昆虫類,ミヤマチャバネセセリ
昆虫類,ミヤマツチハンミョウ
昆虫類,ミヤマナカボソタマムシ
昆虫類,ミヤマハンミョウ
昆虫類,ミヤマヒサゴコメツキ
昆虫類,ミヤマヒサゴゴミムシ
昆虫類,ミヤマヒメハナカミキリ
昆虫類,ミヤマフキバッタ
昆虫類,ミヤマフトヒラタコメツキ
昆虫類,ミヤマホソハナカミキリ
昆虫類,ミヤマミズスマシ
昆虫類,ミヤマメダカゴミムシ
昆虫類,ミヤマモンキチョウ
昆虫類,ミヤマルリハナカミキリ
昆虫類,ミルンヤンマ
昆虫類,ミワヒメハナカミキリ
昆虫類,ミンミンゼミ
昆虫類,ムカシアブ
昆虫類,ムカシアリ
昆虫類,ムカシゲンゴロウ
昆虫類,ムカシトンボ
昆虫類,ムカシヤンマ
昆虫類,ムクゲエダシャク
昆虫類,ムクツマキシャチホコ
昆虫類,ムスジイトトンボ
昆虫類,ムスジモンカゲロウ
昆虫類,ムツアカネ
昆虫類,ムツキボシハムシ
昆虫類,ムツボシツヤコツブゲンゴロウ
昆虫類,ムツボシナガハナアブ
昆虫類,ムナカタミズメイガ
昆虫類,ムナクボナガクチキムシ
昆虫類,ムナグロチャイロテントウ
昆虫類,ムナコブハナカミキリ
昆虫類,ムナビロコケムシ
昆虫類,ムナミゾハナカミキリ
昆虫類,ムネアカオオアリ
昆虫類,ムネアカクシヒゲムシ
昆虫類,ムネアカクロコメツキ
昆虫類,ムネアカクロハナカミキリ
昆虫類,ムネアカセンチコガネ
昆虫類,ムネアカチビナカボソタマムシ
昆虫類,ムネアカヨコモンヒメハナカミキリ
昆虫類,ムネホソシロカミキリ
昆虫類,ムネモンヒメハナカミキリ
昆虫類,ムモンアカシジミ
昆虫類,ムモンスジバネゴミムシ
昆虫類,ムモンベニカミキリ
昆虫類,ムモンホソアシナガバチ
昆虫類,ムラサキオオアカキリバ
昆虫類,ムラサキオナガウラナミシジミ
昆虫類,ムラサキカメムシ
昆虫類,ムラサキシジミ
昆虫類,ムラサキシタバ
昆虫類,ムラサキツバメ
昆虫類,ムラサキトビケラ
昆虫類,メガネサナエ
昆虫類,メクラケシゲンゴロウ
昆虫類,メクラゲンゴロウ
昆虫類,メスアカケバエ
昆虫類,メスアカミドリシジミ
昆虫類,メスアカムラサキ
昆虫類,メスグロヒョウモン
昆虫類,メスグロミゾコメツキダマシ
昆虫類,メススジゲンゴロウ
昆虫類,メダカオオキバハネカクシ
昆虫類,メンガタスズメ
昆虫類,モイワウスバカゲロウ
昆虫類,モイワガガンボ
昆虫類,モイワサナエ
昆虫類,モトグロコヤガ
昆虫類,モノサシトンボ
昆虫類,モモグロアトキリダイミョウゴミムシ
昆虫類,モモグロハナカミキリ
昆虫類,モモスズメ
昆虫類,モモブトハナカミキリ
昆虫類,モモブトハリヘリカメムシ
昆虫類,モリオカツトガ
昆虫類,モリチャバネゴキブリ
昆虫類,モリトンボ
昆虫類,モリヤママドガ
昆虫類,モンキアゲハ
昆虫類,モンキジガバチ
昆虫類,モンキジガバチ台湾亜種
昆虫類,モンキタマムシ
昆虫類,モンキチョウ
昆虫類,モンキツノカメムシ
昆虫類,モンキノメイガ
昆虫類,モンキハバチ
昆虫類,モンキマメゲンゴロウ
昆虫類,モンクロキイロナミシャク
昆虫類,モンクロギンシャチホコ
昆虫類,モンクロベニカミキリ
昆虫類,モンシロチョウ
昆虫類,モンシロモドキ
昆虫類,モンスズメバチ
昆虫類,モンヘビトンボ
昆虫類,モンホソバスズメ
昆虫類,モートンイトトンボ
昆虫類,ヤエヤマイチモンジ
昆虫類,ヤエヤマウスバカケロウ
昆虫類,ヤエヤマウラナミジャノメ
昆虫類,ヤエヤマクビナガハンミョウ
昆虫類,ヤエヤマクマゼミ
昆虫類,ヤエヤマクロスジホソハナカミキリ
昆虫類,ヤエヤマコオナガミズスマシ
昆虫類,ヤエヤマサナエ
昆虫類,ヤエヤマシロチョウ
昆虫類,ヤエヤマトラカミキリ
昆虫類,ヤエヤマニイニイ
昆虫類,ヤエヤマノコギリクワガタ
昆虫類,ヤエヤマハナダカトンボ
昆虫類,ヤエヤマヒオドシハナカミキリ
昆虫類,ヤエヤマヒメボタル
昆虫類,ヤエヤマムラサキ
昆虫類,ヤギマルケシゲンゴロウ
昆虫類,ヤクシマエゾゼミ
昆虫類,ヤクシマオニクワガタ
昆虫類,ヤクシマトゲオトンボ
昆虫類,ヤクシマドクガ
昆虫類,ヤクシマヒメキシタバ
昆虫類,ヤクシマホソコバネカミキリ
昆虫類,ヤクシマヨツスジハナカミキリ
昆虫類,ヤクシマヨトウ
昆虫類,ヤクシマルリシジミ
昆虫類,ヤシャゲンゴロウ
昆虫類,ヤスマツアメンボ
昆虫類,ヤスマツケシタマムシ
昆虫類,ヤスマツトビナナフシ
昆虫類,ヤスマツニテラバチ
昆虫類,ヤスマツハマダラミバエ
昆虫類,ヤスマツヒメハナバチ
昆虫類,ヤセオオヒラタカメムシ
昆虫類,ヤツオオヅナガゴミムシ
昆虫類,ヤツボシハナカミキリ
昆虫類,ヤドリスズメバチ
昆虫類,ヤドリホホナガスズメバチ
昆虫類,ヤナギカワウンカモドキ
昆虫類,ヤノトラカミキリ
昆虫類,ヤノヒメハナカミキリ
昆虫類,ヤヒコカラスヨトウ
昆虫類,ヤブヤンマ
昆虫類,ヤマウチチャイロコガネ
昆虫類,ヤマキチョウ
昆虫類,ヤマキマダラヒカゲ
昆虫類,ヤマクダマキモドキ
昆虫類,ヤマサナエ
昆虫類,ヤマトアミメカワゲラモドキ
昆虫類,ヤマトエンマコガネ
昆虫類,ヤマトオサムシ
昆虫類,ヤマトオサムシダマシ
昆虫類,ヤマトオナガミズスマシ
昆虫類,ヤマトキタヨコバイ
昆虫類,ヤマトキモンハナカミキリ
昆虫類,ヤマトクチブトメバエ
昆虫類,ヤマトクロスジヘビトンボ
昆虫類,ヤマトコヤガ
昆虫類,ヤマトゴキブリ
昆虫類,ヤマトサビクワガタ
昆虫類,ヤマトシジミ
昆虫類,ヤマトシロオビトラカミキリ
昆虫類,ヤマトドロバチモドキ
昆虫類,ヤマトハガタヨトウ
昆虫類,ヤマトヒメハナカミキリ
昆虫類,ヤマトマダラバッタ
昆虫類,ヤママユ
昆虫類,ヤマムツボシタマムシ
昆虫類,ヤリウンカ
昆虫類,ヤンコウスキーキリバ
昆虫類,ユウレイセセリ
昆虫類,ヨウロウアシブトハバチ
昆虫類,ヨコグロハナカミキリ
昆虫類,ヨコスジョトウ
昆虫類,ヨコヅナサシガメ
昆虫類,ヨコヅナツチカメムシ
昆虫類,ヨコヅナトモエ
昆虫類,ヨコモンヒメハナカミキリ
昆虫類,ヨコヤマトラカミキリ
昆虫類,ヨコヤマヒゲナガカミキリ
昆虫類,ヨシダヒゲナガアリヅカムシ
昆虫類,ヨシダメクラチビゴミムシ
昆虫類,ヨシノキシタバ
昆虫類,ヨシノシマコヤガ
昆虫類,ヨスジナミシャク
昆虫類,ヨスジホソハナカミキリ
昆虫類,ヨツキボシハムシ
昆虫類,ヨツスジトラカミキリ
昆虫類,ヨツスジハナカミキリ
昆虫類,ヨツバコガネ
昆虫類,ヨツボシクロヒメゲンゴロウ
昆虫類,ヨツボシトンボ
昆虫類,ヨツボシヒラタシデムシ
昆虫類,ヨツボシメクラガメ
昆虫類,ヨツメトビケラ
昆虫類,ヨツモンオオアオコメツキ
昆虫類,ヨツモンカメムシ
昆虫類,ヨドシロヘリハンミョウ
昆虫類,ヨナクニサン
昆虫類,ヨナグニサン
昆虫類,ヨナグニヒラタハナムグリ
昆虫類,ヨネヤマチビメクラゴミムシ
昆虫類,ヨメナノアブラムシ
昆虫類,ヨモギガ
昆虫類,ヨロイカマアシムシ
昆虫類,ラウスナガケシゲンゴロウ
昆虫類,ラクダムシ
昆虫類,ラトレイユヒラクチハバチ
昆虫類,ラマムラサキシジミ
昆虫類,リシリヒトリ
昆虫類,リスアカネ
昆虫類,リュウガドウトゲトピムシ
昆虫類,リュウキュウアサギマダラ
昆虫類,リュウキュウアブラゼミ
昆虫類,リュウキュウウラナミジャノメ
昆虫類,リュウキュウウラボシシジミ
昆虫類,リュウキュウオオスカシバ
昆虫類,リュウキュウカトリヤンマ
昆虫類,リュウキュウギンヤンマ
昆虫類,リュウキュウコクワガタ
昆虫類,リュウキュウセスジゲンゴロウ
昆虫類,リュウキュウツヤハナムグリ
昆虫類,リュウキュウトンボ
昆虫類,リュウキュウノコギリクワガタ
昆虫類,リュウキュウハグロトンボ
昆虫類,リュウキュウハナダカジカバチモドキ
昆虫類,リュウキュウヒメジャノメ
昆虫類,リュウキュウヒメミズスマシ
昆虫類,リュウキュウフタツメカワゲラモドキ
昆虫類,リュウキュウベニイトトンボ
昆虫類,リュウキュウホシウスバカゲロウ
昆虫類,リュウキュウマダラスズ
昆虫類,リュウキュウミスジ（リュウキュウコミスジ）
昆虫類,リュウキュウムラサキ
昆虫類,リュウキュウルリボシカミキリ
昆虫類,リュウキュウルリモントンボ
昆虫類,リュウノツヤムネハネカクシ
昆虫類,リュウノメクラチビゴミムシ
昆虫類,リンゴシジミ
昆虫類,ルイスクビナガハムシ
昆虫類,ルイスツノヒョウタンクワガタ
昆虫類,ルイスツブゲンゴロウ
昆虫類,ルイスハンミョウ
昆虫類,ルソンアサギマダラ
昆虫類,ルリアリ
昆虫類,ルリイトトンボ
昆虫類,ルリウラナミシジミ
昆虫類,ルリカミキリ
昆虫類,ルリクワガタ
昆虫類,ルリシジミ
昆虫類,ルリセンチコガネ
昆虫類,ルリタテハ
昆虫類,ルリナカボソタマムシ
昆虫類,ルリハダホソクロバ
昆虫類,ルリハナカミキリ
昆虫類,ルリヒラタムシ
昆虫類,ルリボシカミキリ
昆虫類,ルリボシヤンマ
昆虫類,ルリモンハナバチ
昆虫類,ルーミスシジミ
昆虫類,ロニノイナガタマムシ
昆虫類,ワクセハリアリ
昆虫類,ワタナベオジロサナエ
昆虫類,ワタナベナガケシゲンゴロウ
昆虫類,ワタフキカイガラムシ
昆虫類,ワモンキシタバ
昆虫類,ワモンゴキブリ
昆虫類,ワモントゲトゲゾウムシ
昆虫類,ワルサワダケチビハナカミキリ
鳥類,アオアシシギ
鳥類,アオゲラ
鳥類,アオサギ
鳥類,アオシギ
鳥類,アオジ
鳥類,アオバズク
鳥類,アオバト
鳥類,アカアシシギ
鳥類,アカアシミツユビカモメ
鳥類,アカエリカイツブリ
鳥類,アカガシラサギ
鳥類,アカゲラ
鳥類,アカコッコ
鳥類,アカショウビン
鳥類,アカツクシガモ
鳥類,アカハシハジロ
鳥類,アカハジロ
鳥類,アカハラ
鳥類,アカヒゲ
鳥類,アカモズ
鳥類,アジサシ
鳥類,アトリ
鳥類,アビ
鳥類,アマサギ
鳥類,アマツバメ
鳥類,アマミヤマシギ
鳥類,アメリカヒドリ
鳥類,アラナミキンクロ
鳥類,アリスイ
鳥類,イカル
鳥類,イカルチドリ
鳥類,イスカ
鳥類,イソシギ
鳥類,イソヒヨドリ
鳥類,イワツバメ
鳥類,イワヒバリ
鳥類,イワミセキレイ
鳥類,ウグイス
鳥類,ウズラ
鳥類,ウソ
鳥類,ウトウ
鳥類,ウミアイサ
鳥類,ウミウ
鳥類,ウミガラス
鳥類,ウミスズメ
鳥類,ウミネコ
鳥類,ウミバト
鳥類,エゾセンニュウ
鳥類,エゾムシクイ
鳥類,エゾライチョウ
鳥類,エトピリカ
鳥類,エナガ
鳥類,エリグロアジサシ
鳥類,エリマキシギ
鳥類,オオアカゲラ
鳥類,オオアジサシ
鳥類,オオカラモズ
鳥類,オオクイナ
鳥類,オオコノハズク
鳥類,オオジシギ
鳥類,オオジュリン
鳥類,オオセグロカモメ
鳥類,オオセッカ
鳥類,オオソリハシシギ
鳥類,オオノスリ
鳥類,オオハクチョウ
鳥類,オオハシシギ
鳥類,オオハム
鳥類,オオバン
鳥類,オオホシハジロ
鳥類,オオマシコ
鳥類,オオミズナギドリ
鳥類,オオメダイチドリ
鳥類,オオモズ
鳥類,オオヨシキリ
鳥類,オオヨシゴイ
鳥類,オオルリ
鳥類,オオワシ
鳥類,オカヨシガモ
鳥類,オキナインコ
鳥類,オグロシギ
鳥類,オシドリ
鳥類,オジロキビタキ
鳥類,オジロトウネン
鳥類,オジロワシ
鳥類,オナガ
鳥類,オナガガモ
鳥類,オニアジサシ
鳥類,カイツブリ
鳥類,カケス
鳥類,カササギ
鳥類,カシラダカ
鳥類,カッコウ
鳥類,カツオドリ
鳥類,カナダヅル
鳥類,カモメ
鳥類,カヤクグリ
鳥類,カラスバト
鳥類,カラフトアオアシシギ
鳥類,カラムクドリ
鳥類,カリガネ
鳥類,カルガモ
鳥類,カワアイサ
鳥類,カワウ
鳥類,カワガラス
鳥類,カワセミ
鳥類,カワラヒワ
鳥類,カンムリウミスズメ
鳥類,カンムリカイツブリ
鳥類,カンムリワシ
鳥類,キアシシギ
鳥類,キガシラセキレイ
鳥類,キクイタダキ
鳥類,キジ
鳥類,キジバト
鳥類,キセキレイ
鳥類,キバシリ
鳥類,キビタキ
鳥類,キマユホオジロ
鳥類,キマユムシクイ
鳥類,キョウジョシギ
鳥類,キリアイ
鳥類,キレンジャク
鳥類,キンクロハジロ
鳥類,キンバト
鳥類,キンランチョウ
鳥類,ギンザシマシコ
鳥類,ギンパラ
鳥類,クイナ
鳥類,クサシギ
鳥類,クビワキンクロ
鳥類,クマゲラ
鳥類,クロガモ
鳥類,クロコシジロウミツバメ
鳥類,クロサギ
鳥類,クロジ
鳥類,クロツグミ
鳥類,クロツラヘラサギ
鳥類,クロヅル
鳥類,ケアシノスリ
鳥類,ケイマフリ
鳥類,ケリ
鳥類,コアオアシシギ
鳥類,コアカゲラ
鳥類,コアジサシ
鳥類,コイカル
鳥類,コウカンチョウ
鳥類,コウノトリ
鳥類,コウミスズメ
鳥類,コオリガモ
鳥類,コガモ
鳥類,コガラ
鳥類,コクガン
鳥類,コクマルガラス
鳥類,コグンカンドリ
鳥類,コゲラ
鳥類,コサギ
鳥類,コサメビタキ
鳥類,コシアカツバメ
鳥類,コシギ
鳥類,コシジロウミツバメ
鳥類,コジュケイ
鳥類,コジュリン
鳥類,コチドリ
鳥類,コチョウゲンボウ
鳥類,コノハズク
鳥類,コハクチョウ
鳥類,コブハクチョウ
鳥類,コベニヒワ
鳥類,コホオアカ
鳥類,コマドリ
鳥類,コミミズク
鳥類,コムクドリ
鳥類,コヨシキリ
鳥類,コルリ
鳥類,ゴイサギ
鳥類,ゴジュウカラ
鳥類,ゴマフスズメ
鳥類,ササゴイ
鳥類,サシバ
鳥類,サメビタキ
鳥類,サルハマシギ
鳥類,サンカノゴイ
鳥類,サンコウチョウ
鳥類,サンショウクイ
鳥類,シジュウカラ
鳥類,シジュウカラガン
鳥類,シノリガモ
鳥類,シベリアジュリン
鳥類,シマアオジ
鳥類,シマアジ
鳥類,シマセンニュウ
鳥類,シメ
鳥類,ショウドウツバメ
鳥類,シラコバト
鳥類,シロエリオオハム
鳥類,シロカモメ
鳥類,シロガシラ
鳥類,シロチドリ
鳥類,シロハヤブサ
鳥類,シロハラ
鳥類,シロハラクイナ
鳥類,シロフクロウ
鳥類,ジュウイチ
鳥類,ジョウビタキ
鳥類,スズガモ
鳥類,スズメ
鳥類,ズアカアオバト
鳥類,ズグロカモメ
鳥類,ズグロミゾゴイ
鳥類,セイタカシギ
鳥類,セキセイインコ
鳥類,セグロカモメ
鳥類,セグロセキレイ
鳥類,セッカ
鳥類,センダイムシクイ
鳥類,ソウシチョウ
鳥類,ソリハシシギ
鳥類,タカブシギ
鳥類,タゲリ
鳥類,タシギ
鳥類,タヒバリ
鳥類,タマシギ
鳥類,タンチョウ
鳥類,ダイサギ
鳥類,ダイシャクシギ
鳥類,ダイゼン
鳥類,ダルマインコ
鳥類,チゴハヤブサ
鳥類,チゴモズ
鳥類,チシマウガラス
鳥類,チシマシギ
鳥類,チュウサギ
鳥類,チュウシャクシギ
鳥類,チュウジシギ
鳥類,チュウヒ
鳥類,チョウゲンボウ
鳥類,ツクシガモ
鳥類,ツグミ
鳥類,ツツドリ
鳥類,ツバメ
鳥類,ツミ
鳥類,ツメナガセキレイ
鳥類,ツメナガホオジロ
鳥類,ツリスガラ
鳥類,ツルクイナ
鳥類,ツルシギ
鳥類,トウネン
鳥類,トビ
鳥類,トモエガモ
鳥類,トラツグミ
鳥類,トラフズク
鳥類,ドバト
鳥類,ナベヅル
鳥類,ニュウナイスズメ
鳥類,ノグチゲラ
鳥類,ノゴマ
鳥類,ノジコ
鳥類,ノスリ
鳥類,ノビタキ
鳥類,ハイイロチュウヒ
鳥類,ハイタカ
鳥類,ハギマシコ
鳥類,ハクセキレイ
鳥類,ハシジロアビ
鳥類,ハシビロガモ
鳥類,ハシブトガラ
鳥類,ハシブトガラス
鳥類,ハシボソガラス
鳥類,ハジロカイツブリ
鳥類,ハジロクロハラアジサシ
鳥類,ハジロコチドリ
鳥類,ハッカチョウ
鳥類,ハマシギ
鳥類,ハヤブサ
鳥類,ハリオアマツバメ
鳥類,ハリオシギ
鳥類,バン
鳥類,ヒガラ
鳥類,ヒクイナ
鳥類,ヒシクイ
鳥類,ヒドリガモ
鳥類,ヒバリ
鳥類,ヒバリシギ
鳥類,ヒメアマツバメ
鳥類,ヒメウ
鳥類,ヒメクイナ
鳥類,ヒメクロウミツバメ
鳥類,ヒヨドリ
鳥類,ヒレンジャク
鳥類,ビロードキンクロ
鳥類,ビンズイ
鳥類,フクロウ
鳥類,ブッポウソウ
鳥類,ブンチョウ
鳥類,ヘキチョウ
鳥類,ヘラサギ
鳥類,ヘラシギ
鳥類,ベニアジサシ
鳥類,ベニスズメ
鳥類,ベニバト
鳥類,ベニヒワ
鳥類,ベニマシコ
鳥類,ホウロクシギ
鳥類,ホオアカ
鳥類,ホオジロ
鳥類,ホオジロガモ
鳥類,ホシガラス
鳥類,ホシハジロ
鳥類,ホシムクドリ
鳥類,ホトトギス
鳥類,マガモ
鳥類,マガン
鳥類,マキノセンニュウ
鳥類,マナヅル
鳥類,マヒワ
鳥類,マミジロ
鳥類,マミジロタヒバリ
鳥類,マミチャジナイ
鳥類,ミコアイサ
鳥類,ミサゴ
鳥類,ミソサザイ
鳥類,ミゾゴイ
鳥類,ミツユビカモメ
鳥類,ミフウズラ
鳥類,ミミカイツブリ
鳥類,ミヤコドリ
鳥類,ミヤマガラス
鳥類,ミヤマホオジロ
鳥類,ミユビシギ
鳥類,ムクドリ
鳥類,ムナグロ
鳥類,ムネアカタヒバリ
鳥類,ムラサキサギ
鳥類,メグロ
鳥類,メジロ
鳥類,メダイチドリ
鳥類,メボソムシクイ
鳥類,メリケンキアシシギ
鳥類,モズ
鳥類,ヤイロチョウ
鳥類,ヤツガシラ
鳥類,ヤブサメ
鳥類,ヤマガラ
鳥類,ヤマゲラ
鳥類,ヤマシギ
鳥類,ヤマセミ
鳥類,ヤマドリ
鳥類,ヤマムスメ
鳥類,ヤンバルクイナ
鳥類,ユキホオジロ
鳥類,ユリカモメ
鳥類,ヨシガモ
鳥類,ヨシゴイ
鳥類,ヨタカ
鳥類,ライチョウ
鳥類,リュウキュウツバメ
鳥類,リュウキュウヨシゴイ
鳥類,ルリカケス
鳥類,ルリビタキ
鳥類,ワカケホンセイインコ
鳥類,ワシカモメ
鳥類,ワタリガラス
植物,(ヘメロカリスsp.)
植物,Acacia dealbata
植物,Acanthopanax属の一種
植物,Angelica sp.
植物,Arisaema属の一種
植物,Aster属の一種
植物,Azolla属の一種
植物,Begonia属の一種
植物,Bidens属の一種
植物,Bromus属の一種
植物,Calanthe属の一種
植物,Carex sp.
植物,Carex属の一種
植物,Carex属の数種
植物,Chrysanthemum × burbankii
植物,Chrysosplenium属の一種
植物,Cirsium属の一種
植物,Corydalis属の一種
植物,Cucurbita属の一種
植物,Cynanchum属の一種
植物,Cyperus属の一種
植物,Cyrtomium属の一種
植物,Desmodium属の一種
植物,Dichondra属
植物,Eclipta属の一種
植物,Galium属の一種
植物,Gnaphalium属の一種
植物,Helianthus属の一種
植物,Hemerocallis sp.
植物,Hemerocallis属の一種
植物,Heterotropa属の一種
植物,Hosta属の一種
植物,Ipomoea属の一種
植物,Juncus属の一種
植物,Kalimeris属の一種
植物,Labiatae
植物,Lespedeza属の一種
植物,Lilium属の一種
植物,Lotus属の一種
植物,Luzula属の一種
植物,Maackia属の一種
植物,Mentha sp.
植物,Mentha属の一種
植物,Morus属の一種
植物,Myriophyllum属の一種
植物,Paeonia属の一種
植物,Persicaria属の一種
植物,Poa属の一種
植物,Podocarpus macrophyllus var.maki
植物,Polygonum属の一種
植物,Polystichum属の一種
植物,Pyracantha属の一種
植物,Rorippa属の一種
植物,Rumex sp.
植物,Salix属の一種
植物,Scutellaria属の一種
植物,Solanum sp.
植物,Sparganium属の一種
植物,Stachys属の一種
植物,Torilis sp.
植物,Torilis属の一種
植物,Trachelospermum属の一種
植物,Typha sp.
植物,Viola sp.
植物,Yucca sp.
植物,アイアスカイノデ
植物,アイイノモトソウ
植物,アイイロニワゼキショウ
植物,アイズスゲ
植物,アイセイタカハハコグサ
植物,アイダクグ
植物,アイダクグ(タイワンヒメクグ)
植物,アイトキワトラノオ
植物,アイノコイトモ
植物,アイノコオオアカウキクサ
植物,アイノコクマワラビ
植物,アイノコシラスゲ
植物,アイバソウ
植物,アオイゴケ
植物,アオイスミレ
植物,アオウキクサ
植物,アオウシノケグサ
植物,アオオニタビラコ
植物,アオカモジグサ
植物,アオカラムシ
植物,アオガシ
植物,アオガネシダ
植物,アオガヤツリ
植物,アオキ
植物,アオギリ
植物,アオゲイトウ
植物,アオコウガイゼキショウ
植物,アオゴウソ
植物,アオジソ
植物,アオスゲ
植物,アオダモ
植物,アオチカラシバ
植物,アオツヅラフジ
植物,アオテンツキ
植物,アオナラガシワ
植物,アオハダ
植物,アオハリガネワラビ
植物,アオバスゲ
植物,アオビユ
植物,アオホラゴケ
植物,アオミズ
植物,アオミズキ
植物,アオミヤマカンスゲ
植物,アオミヤマトウバナ
植物,アオモジ
植物,アカイタヤ
植物,アカオニタビラコ
植物,アカカタバミ
植物,アカガシ
植物,アカザ
植物,アカシデ
植物,アカショウマ
植物,アカジソ
植物,アカソ
植物,アカツメクサ
植物,アカネ
植物,アカネスミレ
植物,アカバナ
植物,アカマツ
植物,アカミタンポポ
植物,アカミノイヌツゲ
植物,アカメガシワ
植物,アカメヤナギ
植物,アカメヤナギ(マルバヤナギ)
植物,アキカラマツ
植物,アキギリ
植物,アキグミ
植物,アキチョウジ
植物,アキニレ
植物,アキノウナギツカミ
植物,アキノエノコロ
植物,アキノエノコログサ
植物,アキノキリンソウ
植物,アキノギンリョウソウ
植物,アキノタネツケバナ
植物,アキノタムラソウ
植物,アキノノゲシ
植物,アキノハハコグサ
植物,アキノミチヤナギ
植物,アキメヒシバ
植物,アギスミレ
植物,アクシバ
植物,アケビ
植物,アケボノシュスラン
植物,アケボノスミレ
植物,アケボノソウ
植物,アサガオ
植物,アサガラ
植物,アサクラザンショウ
植物,アサツキ
植物,アシウスギ
植物,アシウテンナンショウ
植物,アシカキ
植物,アシタバ
植物,アシボソ
植物,アジサイ
植物,アスカイノデ
植物,アズキナシ
植物,アズマカモメヅル
植物,アズマガヤ
植物,アズマナルコ
植物,アズマヤマアザミ
植物,アセビ
植物,アゼオトギリ
植物,アゼガヤ
植物,アゼガヤツリ
植物,アゼスゲ
植物,アゼテンツキ
植物,アゼトウガラシ
植物,アゼナ
植物,アゼナルコ
植物,アゼムシロ
植物,アツバキミガヨラン
植物,アツミカンアオイ
植物,アツミゲシ
植物,アブノメ
植物,アブラガヤ
植物,アブラギリ
植物,アブラシバ
植物,アブラススキ
植物,アブラチャン
植物,アブラナ
植物,アベマキ
植物,アマクサシダ
植物,アマゾントチカガミ
植物,アマチャヅル
植物,アマヅル
植物,アマドコロ
植物,アマナ
植物,アマリリス
植物,アメリカアサガオ
植物,アメリカアゼナ
植物,アメリカアリタソウ
植物,アメリカイヌホオズキ
植物,アメリカオニアザミ
植物,アメリカキカシグサ
植物,アメリカキンゴジカ
植物,アメリカクサネム
植物,アメリカスズメノヒエ
植物,アメリカスミレサイシン
植物,アメリカセンダングサ
植物,アメリカタカサブロウ
植物,アメリカヌスビトハギ
植物,アメリカネナシカズラ
植物,アメリカハッカ
植物,アメリカフウロ
植物,アメリカミズキンバイ
植物,アメリカミズユキノシタ
植物,アメリカヤマボウシ
植物,アヤメ
植物,アラカシ
植物,アラゲアオダモ
植物,アラゲハンゴンソウ
植物,アリアケスミレ
植物,アリタソウ
植物,アリドオシ
植物,アリノトウグサ
植物,アレチウリ
植物,アレチギシギシ
植物,アレチニシキソウ
植物,アレチヌスビトハギ
植物,アレチノギク
植物,アレチノチャヒキ
植物,アレチハナガサ
植物,アレチマツヨイグサ
植物,アワガエリ
植物,アワコガネギク
植物,アワゴケ
植物,アワブキ
植物,アワモリショウマ
植物,イ
植物,イイギリ
植物,イエギク
植物,イガオナモミ
植物,イガガヤツリ
植物,イガホオズキ
植物,イグサ
植物,イケノミズハコベ
植物,イケマ
植物,イシカグマ
植物,イシミカワ
植物,イスノキ
植物,イズセンリョウ
植物,イソツツジ
植物,イソノキ
植物,イタチガヤ
植物,イタチハギ
植物,イタドリ
植物,イタビカズラ
植物,イタヤカエデ
植物,イタヤカエデ（広義）
植物,イチイ
植物,イチゴツナギ
植物,イチジク
植物,イチビ
植物,イチヤクソウ
植物,イチョウ
植物,イチリンソウ
植物,イトアオスゲ
植物,イトアゼガヤ
植物,イトイヌノハナヒゲ
植物,イトイヌノヒゲ
植物,イトスゲ
植物,イトツメクサ
植物,イトマキイタヤ
植物,イナカギク
植物,イナモリソウ
植物,イヌアワ
植物,イヌイワガネソウ
植物,イヌウメモドキ
植物,イヌエンジュ
植物,イヌカキネガラシ
植物,イヌカタヒバ
植物,イヌカミツレ
植物,イヌガシ
植物,イヌガヤ
植物,イヌガラシ
植物,イヌガンソク
植物,イヌキクイモ
植物,イヌクグ
植物,イヌケホシダ
植物,イヌコウジュ
植物,イヌコハコベ
植物,イヌコモチナデシコ
植物,イヌコリヤナギ
植物,イヌゴマ
植物,イヌザクラ
植物,イヌザンショウ
植物,イヌシダ
植物,イヌシデ
植物,イヌシバ
植物,イヌショウマ
植物,イヌタデ
植物,イヌチャセンシダ
植物,イヌツゲ
植物,イヌツルウメモドキ
植物,イヌトウキ
植物,イヌトウバナ
植物,イヌドクサ
植物,イヌナギナタガヤ
植物,イヌナズナ
植物,イヌナチクジャク
植物,イヌノハナヒゲ
植物,イヌハッカ
植物,イヌヒメコズチ
植物,イヌヒメワラビ
植物,イヌビエ
植物,イヌビユ
植物,イヌビワ
植物,イヌブナ
植物,イヌホオズキ
植物,イヌホタルイ
植物,イヌマキ
植物,イヌムギ
植物,イヌヨモギ
植物,イヌワラビ
植物,イネ
植物,イネ科
植物,イノコズチ
植物,イノコヅチ
植物,イノデ
植物,イノデモドキ
植物,イノバラ
植物,イノモトソウ
植物,イバラモ
植物,イバラモ属の一種
植物,イブキ
植物,イブキキンポウゲ
植物,イブキザサ
植物,イブキシダ
植物,イブキシモツケ
植物,イブキヌカボ
植物,イブキノエンドウ
植物,イブキハタザオ
植物,イボクサ
植物,イボタノキ
植物,イモカタバミ
植物,イヨカズラ
植物,イラクサ
植物,イリノイヌスビトハギ
植物,イロハモミジ
植物,イワアカバナ
植物,イワイタチシダ
植物,イワイチョウ
植物,イワウチワ
植物,イワオトギリ
植物,イワカガミ
植物,イワガネゼンマイ
植物,イワガネソウ
植物,イワガラミ
植物,イワタバコ
植物,イワデンダ
植物,イワトラノオ
植物,イワナシ
植物,イワニガナ
植物,イワハリガネワラビ
植物,イワヒトデ
植物,イワヒバ
植物,イワヒメワラビ
植物,イワヘゴ
植物,イワボタン
植物,イワヤシダ
植物,イワヤナギシダ
植物,イワヨモギ
植物,ウキアゼナ
植物,ウキクサ
植物,ウキヤガラ
植物,ウグイスカグラ
植物,ウコギ
植物,ウサギアオイ
植物,ウシオツメクサ
植物,ウシオハナツメクサ
植物,ウシクグ
植物,ウシクサ
植物,ウシノケグサ
植物,ウシノシッペイ
植物,ウシハコベ
植物,ウシミツバ
植物,ウスアカカタバミ
植物,ウスアカノイバラ
植物,ウスイロタチクサボタン
植物,ウスギヨウラク
植物,ウスゲオオバナミズキンバイ
植物,ウスゲクロモジ
植物,ウスゲタマブキ
植物,ウスゲトダシバ
植物,ウスゲミヤマシケシダ
植物,ウスノキ
植物,ウスバサイシン
植物,ウスバヤブマメ
植物,ウスヒメワラビ
植物,ウスベニチチコグサ
植物,ウスベニツメクサ
植物,ウチワゴケ
植物,ウチワサボテン
植物,ウチワサボテン属の一種
植物,ウチワゼニクサ
植物,ウチワダイモンジソウ
植物,ウチワドコロ
植物,ウツギ
植物,ウツボグサ
植物,ウド
植物,ウドカズラ
植物,ウナギツカミ
植物,ウバメガシ
植物,ウバユリ
植物,ウマゴヤシ
植物,ウマノアシガタ
植物,ウマノスズクサ
植物,ウマノチャヒキ
植物,ウマノミツバ
植物,ウメ
植物,ウメバチソウ
植物,ウメモドキ
植物,ウラゲイワガネ
植物,ウラゲウコギ
植物,ウラゲエンコウカエデ
植物,ウラゲオオトネリコ
植物,ウラゲトチノキ
植物,ウラシマソウ
植物,ウラジロ
植物,ウラジロアカザ
植物,ウラジロウツギ
植物,ウラジロガシ
植物,ウラジロチチコグサ
植物,ウラジロノキ
植物,ウラジロフサザクラ
植物,ウラジロマタタビ
植物,ウラジロマルバマンサク
植物,ウラジロモミ
植物,ウラハグサ
植物,ウリカエデ
植物,ウリカワ
植物,ウリクサ
植物,ウリノキ
植物,ウリハダカエデ
植物,ウルシ
植物,ウワバミソウ
植物,ウワミズザクラ
植物,ウンリュウヤナギ
植物,エイザンスミレ
植物,エゴノキ
植物,エゴマ
植物,エゾアジサイ
植物,エゾイタヤ
植物,エゾイボタ
植物,エゾエノキ
植物,エゾオヤマリンドウ
植物,エゾタチカタバミ
植物,エゾツリバナ
植物,エゾノカワラマツバ
植物,エゾノギシギシ
植物,エゾノサヤヌカグサ
植物,エゾヤマザクラ
植物,エゾユズリハ
植物,エゾリンドウ
植物,エダウチスズメノトウガラシ
植物,エダウチチゴユリ
植物,エダウチチチコグサ
植物,エダウチネズミムギ
植物,エチゴキジムシロ
植物,エチゴザサ
植物,エチゴツルキジムシロ
植物,エチゼンアザミ
植物,エドヒガン
植物,エナシヒゴクサ
植物,エニシダ
植物,エノキ
植物,エノキグサ
植物,エノコログサ
植物,エビガライチゴ
植物,エビスグサ
植物,エビヅル
植物,エビモ
植物,エンコウカエデ
植物,エンレイソウ
植物,オウギカズラ
植物,オウシュウマンネングサ
植物,オウレン
植物,オウレンシダ
植物,オオアオスゲ
植物,オオアキノキリンソウ
植物,オオアリドオシ
植物,オオアレチギク
植物,オオアレチノギク
植物,オオアワガエリ
植物,オオアワダチソウ
植物,オオイタチシダ
植物,オオイタビ
植物,オオイチゴツナギ
植物,オオイトスゲ
植物,オオイヌタデ
植物,オオイヌノフグリ
植物,オオイヌホオズキ
植物,オオイワカガミ
植物,オオウシノケグサ
植物,オオウバユリ
植物,オオウラジロノキ
植物,オオエノコロ
植物,オオオナモミ
植物,オオカナダモ
植物,オオカナワラビ
植物,オオカニコウモリ
植物,オオカニツリ
植物,オオカメノキ
植物,オオカモメヅル
植物,オオカワジサ
植物,オオカワヂシャ
植物,オオキジノオ
植物,オオキツネノカミソリ
植物,オオキツネヤナギ
植物,オオキヌタソウ
植物,オオキバナカタバミ
植物,オオキヨスミシダ
植物,オオキヨズミシダ
植物,オオキンケイギク
植物,オオクサキビ
植物,オオクジャクシダ
植物,オオクマヤナギ
植物,オオケタデ
植物,オオコガネネコノメソウ
植物,オオコメツツジ
植物,オオサトメシダ
植物,オオサワハコベ
植物,オオサンショウソウ
植物,オオシマザクラ
植物,オオシロガヤツリ
植物,オオジシバリ
植物,オオスズメノカタビラ
植物,オオスズメノテッポウ
植物,オオズミ
植物,オオセンナリ
植物,オオタチツボスミレ
植物,オオタチヤナギ
植物,オオダイコンソウ
植物,オオチドメ
植物,オオチャルメルソウ
植物,オオヂシバリ
植物,オオツクバネウツギ
植物,オオツメクサ
植物,オオツルウメモドキ
植物,オオナギナタガヤ
植物,オオナルコユリ
植物,オオニシキソウ
植物,オオニワゼキショウ
植物,オオニワトコ
植物,オオニワホコリ
植物,オオネコヤナギ
植物,オオネズミガヤ
植物,オオネバリタデ
植物,オオハシカグサ
植物,オオハナウド
植物,オオハナヒリノキ
植物,オオハナワラビ
植物,オオハリイ
植物,オオハルタデ
植物,オオハンゲ
植物,オオハンゴンソウ
植物,オオバアサガラ
植物,オオバアメリカアサガオ
植物,オオバイボタ
植物,オオバウマノスズクサ
植物,オオバキハダ
植物,オオバギボウシ
植物,オオバクサフジ
植物,オオバクロモジ
植物,オオバコ
植物,オオバショリマ
植物,オオバジャノヒゲ
植物,オオバスノキ
植物,オオバタネツケバナ
植物,オオバタンキリマメ
植物,オオバチドメ
植物,オオバナコマツヨイグサ
植物,オオバナニガナ
植物,オオバナミズキンバイ
植物,オオバニワトコ
植物,オオバヌスビトハギ
植物,オオバノアマクサシダ
植物,オオバノイノモトソウ
植物,オオバノキハダ
植物,オオバノトンボソウ
植物,オオバノハチジョウシダ
植物,オオバノヤエムグラ
植物,オオバメドハギ
植物,オオバヤシャゼンマイ
植物,オオバヤシャブシ
植物,オオバヤナギ
植物,オオバヤマハッカ
植物,オオバライチゴ
植物,オオヒゲカリヤスモドキ
植物,オオヒゲナガカリヤスモドキ
植物,オオヒナノウスツボ
植物,オオヒメワラビ
植物,オオヒメワラビモドキ
植物,オオヒヨドリバナ
植物,オオヒヨドリバナ（ヒヨドリバナ倍数体）
植物,オオフサモ
植物,オオフタバムグラ
植物,オオフユイチゴ
植物,オオブタクサ
植物,オオヘビイチゴ
植物,オオベニシダ
植物,オオホウキギク
植物,オオマツバウンラン
植物,オオマツヨイグサ
植物,オオマルバノホロシ
植物,オオミゾソバ
植物,オオミヤマガマズミ
植物,オオムラサキ
植物,オオムラサキシキブ
植物,オオムラサキツユクサ
植物,オオモミジ
植物,オオヤハズエンドウ
植物,オオヤマザクラ
植物,オオヤマハコベ
植物,オオヤマフスマ
植物,オオユウガギク
植物,オオヨモギ
植物,オオルリソウ
植物,オオレンシダ
植物,オカウコギ
植物,オカスズメノヒエ
植物,オカスミレ
植物,オカタイトゴメ
植物,オカタツナミソウ
植物,オカダイコン
植物,オカトラノオ
植物,オカヒジキ
植物,オカメザサ
植物,オガタマノキ
植物,オガルカヤ
植物,オキジムシロ
植物,オギ
植物,オギノツメ
植物,オククルマムグラ
植物,オクタマゼンマイ
植物,オクノカンスゲ
植物,オクマワラビ
植物,オクモミジハグマ
植物,オクヤマザサ
植物,オグルマ
植物,オケラ
植物,オサシダ
植物,オシダ
植物,オシャグジデンダ
植物,オシロイバナ
植物,オゼニガナ
植物,オタカラコウ
植物,オタルスゲ
植物,オッタチカタバミ
植物,オトギリソウ
植物,オトコエシ
植物,オトコブドウ
植物,オトコヨウゾメ
植物,オトコヨモギ
植物,オトメザクラ
植物,オドリコソウ
植物,オニイタヤ
植物,オニウコギ
植物,オニウシノケグサ
植物,オニオオノアザミ
植物,オニカナワラビ
植物,オニガヤツリ
植物,オニグルミ
植物,オニゲシ
植物,オニコウガイゼキショウ
植物,オニシバ
植物,オニシモツケ
植物,オニスゲ
植物,オニタビラコ
植物,オニタビラコ（広義）
植物,オニツルウメモドキ
植物,オニトウゲシバ
植物,オニドコロ
植物,オニノゲシ
植物,オニヒカゲワラビ
植物,オニビシ
植物,オニヘビイチゴ
植物,オニマタタビ
植物,オニマツヨイグサ
植物,オニヤブソテツ
植物,オニヤブマオ
植物,オニユリ
植物,オニルリソウ
植物,オノエヤナギ
植物,オノマンネングサ
植物,オハラメアザミ
植物,オヒゲシバ
植物,オヒシバ
植物,オヒョウ
植物,オヘビイチゴ
植物,オミナエシ
植物,オモダカ
植物,オモト
植物,オヤブジラミ
植物,オヤマボクチ
植物,オランダイチゴ
植物,オランダガラシ
植物,オランダキジカクシ
植物,オランダハッカ
植物,オランダフウロ
植物,オランダミツバ
植物,オランダミミナグサ
植物,オロシャギク
植物,カイザイク
植物,カイヅカイブキ
植物,カエデダイモンジソウ
植物,カエデドコロ
植物,カガノアザミ
植物,カキツバタ
植物,カキドオシ
植物,カキネガラシ
植物,カキノキ
植物,カキラン
植物,カギカズラ
植物,カクトラノオ
植物,カクミノスノキ
植物,カクレミノ
植物,カゴノキ
植物,カサスゲ
植物,カシワ
植物,カシワバハグマ
植物,カジイチゴ
植物,カジノキ
植物,カスマグサ
植物,カスミザクラ
植物,カズノコグサ
植物,カゼクサ
植物,カタイノデ
植物,カタクリ
植物,カタバエノコログサ
植物,カタバミ
植物,カタヒバ
植物,カタボウシノケグサ
植物,カッコウアザミ
植物,カツラ
植物,カテンソウ
植物,カナクギノキ
植物,カナビキソウ
植物,カナムグラ
植物,カナメモチ
植物,カナリークサヨシ
植物,カナワラビ
植物,カニクサ
植物,カニツリグサ
植物,カノコソウ
植物,カノツメソウ
植物,カボチャ
植物,カマツカ
植物,カミガヤツリ
植物,カミツレ
植物,カモガヤ
植物,カモジグサ
植物,カモノハシ
植物,カヤ
植物,カヤツリグサ
植物,カヤツリグサ科
植物,カヤラン
植物,カラクサイヌワラビ
植物,カラクサケマン
植物,カラクサシダ
植物,カラクサシュンギク
植物,カラクサナズナ
植物,カラコギカエデ
植物,カラシナ
植物,カラスウリ
植物,カラスザンショウ
植物,カラスノエンドウ
植物,カラスノゴマ
植物,カラスノチャヒキ
植物,カラスビシャク
植物,カラスムギ
植物,カラタチ
植物,カラタチバナ
植物,カラマツ
植物,カラマツソウ
植物,カラムシ
植物,カラメドハギ
植物,カリガネソウ
植物,カリマタガヤ
植物,カリヤス
植物,カリヤスモドキ
植物,カリン
植物,カロリナアオイゴケ
植物,カワジサ
植物,カワズスゲ
植物,カワヂシャ
植物,カワミドリ
植物,カワヤナギ
植物,カワラケツメイ
植物,カワラスガナ
植物,カワラスゲ
植物,カワラナデシコ
植物,カワラニンジン
植物,カワラハハコ
植物,カワラハンノキ
植物,カワラマツバ
植物,カワラヨモギ
植物,カンアオイ属の一種
植物,カンエンガヤツリ
植物,カンガレイ
植物,カンコノキ
植物,カンサイスノキ
植物,カンサイタンポポ
植物,カンザシイヌホオズキ
植物,カンザブロウノキ
植物,カンスゲ
植物,カントウマムシグサ
植物,カントウマユミ
植物,カンボク
植物,カンポウフウ
植物,ガガイモ
植物,ガクアジサイ
植物,ガクウツギ
植物,ガマ
植物,ガマズミ
植物,ガンクビソウ
植物,ガンピ
植物,キウイフルーツ
植物,キカシグサ
植物,キカラスウリ
植物,キガンピ
植物,キキョウソウ
植物,キクイモ
植物,キクザキイチゲ
植物,キクザキイチリンソウ
植物,キクザキリュウキンカ
植物,キクノハアオイ
植物,キクバエビヅル
植物,キクバオウレン
植物,キクバキイチゴ
植物,キクバヂシバリ
植物,キクバドコロ
植物,キクバヒヨドリ
植物,キクバヤマボクチ
植物,キクムグラ
植物,キクモ
植物,キク科
植物,キケマン
植物,キケンショウマ
植物,キササゲ
植物,キシダマムシグサ
植物,キシュウスズメノヒエ
植物,キショウブ
植物,キジカクシ
植物,キジノオシダ
植物,キジムシロ
植物,キジョラン
植物,キズイセン
植物,キセルアザミ
植物,キゾメカミツレ
植物,キタコブシ
植物,キタゴヨウ
植物,キタササガヤ
植物,キダチコマツナギ
植物,キダチコンギク
植物,キチジョウソウ
植物,キッコウハグマ
植物,キツネアザミ
植物,キツネガヤ
植物,キツネノカミソリ
植物,キツネノボタン
植物,キツネノマゴ
植物,キツリフネ
植物,キツリフネソウ
植物,キヅタ
植物,キヌイトツメクサ
植物,キヌガサギク
植物,キヌゲチチコグサ
植物,キヌタソウ
植物,キヌヤナギ
植物,キノクニベニシダ
植物,キハギ
植物,キハダ
植物,キバナイカリソウ
植物,キバナオドリコソウ
植物,キバナカワラマツバ
植物,キバナコスモス
植物,キバナノマツバニンジン
植物,キバナノヤマオダマキ
植物,キブシ
植物,キボウシノ
植物,キミガヨラン
植物,キミズ
植物,キュウリグサ
植物,キョウチクトウ
植物,キヨスミイノデ
植物,キヨスミギボウシ
植物,キヨスミヒメワラビ
植物,キヨタキシダ
植物,キランソウ
植物,キランニシキゴロモ
植物,キリ
植物,キリンソウ
植物,キレハイヌガラシ
植物,キレハノブドウ
植物,キレハハリギリ
植物,キレハマメグンバイナズナ
植物,キレバノブドウ
植物,キレンソウ
植物,キンエノコロ
植物,キンガヤツリ
植物,キンキカサスゲ
植物,キンキマメザクラ
植物,キンキヤママメザクラ
植物,キンギョソウ
植物,キンケイギク
植物,キンコウカ
植物,キンゴジカ
植物,キンシバイ
植物,キンミズヒキ
植物,キンモクセイ
植物,キンラン
植物,ギシギシ
植物,ギフベニシダ
植物,ギボウシ属の一種
植物,ギョウギシバ
植物,ギンモクセイ
植物,ギンヨウアカシア
植物,ギンリョウソウ
植物,ギンレイカ
植物,クグ
植物,クグガヤツリ
植物,クグテンツキ
植物,クコ
植物,クサアジサイ
植物,クサイ
植物,クサイチゴ
植物,クサギ
植物,クサコアカソ
植物,クサスゲ
植物,クサソテツ
植物,クサネム
植物,クサノオ
植物,クサノオウ
植物,クサフジ
植物,クサフヨウ
植物,クサボケ
植物,クサボタン
植物,クサマオ
植物,クサムネ
植物,クサヤツデ
植物,クサヨシ
植物,クジャクシダ
植物,クジャクフモトシダ
植物,クスダマツメクサ
植物,クスノキ
植物,クズ
植物,クソニンジン
植物,クチナシ
植物,クチナシグサ
植物,クヌギ
植物,クマイザサ
植物,クマイチゴ
植物,クマザサ
植物,クマシデ
植物,クマツヅラ
植物,クマノザクラ
植物,クマノミズキ
植物,クマヤナギ
植物,クマワラビ
植物,クモキリソウ
植物,クモノスシダ
植物,クモマニガナ
植物,クラマゴケ
植物,クララ
植物,クリ
植物,クリカボチャ
植物,クリハラン
植物,クルマシダ
植物,クルマバザクロソウ
植物,クルマバソウ
植物,クルマバナ
植物,クルマバハグマ
植物,クルマムグラ
植物,クロイチゴ
植物,クロウメモドキ
植物,クロカワズスゲ
植物,クロガネモチ
植物,クロキ
植物,クログワイ
植物,クロコヌカグサ
植物,クロソヨゴ
植物,クロタネソウ
植物,クロチク
植物,クロテンツキ
植物,クロバイ
植物,クロバナエンジュ
植物,クロバナヒキオコシ
植物,クロボシソウ
植物,クロマツ
植物,クロミキイチゴ
植物,クロミノニシゴリ
植物,クロモ
植物,クロモジ
植物,クワ
植物,クワイ
植物,クワクサ
植物,クワモドキ
植物,グンバイナズナ
植物,ケアオダモ
植物,ケアクシバ
植物,ケアブラチャン
植物,ケアリタソウ
植物,ケイタドリ
植物,ケイトウ
植物,ケイヌビエ
植物,ケイリュウタチツボスミレ
植物,ケウツギ
植物,ケエゾヤマザクラ
植物,ケカタバミ
植物,ケカマツカ
植物,ケカモノハシ
植物,ケキツネノボタン
植物,ケキブシ
植物,ケキンミズヒキ
植物,ケケンポナシ
植物,ケサンカクヅル
植物,ケザサ
植物,ケショウザクラ
植物,ケシロネ
植物,ケシロモジ
植物,ケシロヨメナ
植物,ケチヂミザサ
植物,ケチョウセンアサガオ
植物,ケツクバネウツギ
植物,ケツユクサ
植物,ケトダシバ
植物,ケナシアオハダ
植物,ケナシチガヤ
植物,ケナシチャンパギク
植物,ケナシヒメムカシヨモギ
植物,ケナシヤブデマリ
植物,ケナツノタムラソウ
植物,ケネザサ
植物,ケノガリヤス
植物,ケハクサンアザミ
植物,ケハネミイヌエンジュ
植物,ケハリギリ
植物,ケバイカウツギ
植物,ケフシグロ
植物,ケブカツルカコソウ
植物,ケヤキ
植物,ケヤブハギ
植物,ケヤマウコギ
植物,ケヤマハンノキ
植物,ケンサキタンポポ
植物,ケンポナシ
植物,ゲジゲジシダ
植物,ゲッケイジュ
植物,ゲンゲ
植物,ゲンノショウコ
植物,コアカザ
植物,コアカソ
植物,コアジサイ
植物,コアゼガヤツリ
植物,コイケマ
植物,コイチゴツナギ
植物,コイヌガラシ
植物,コイヌノハナゲ
植物,コウガイゼキショウ
植物,コウガイモ
植物,コウキクサ
植物,コウゾ
植物,コウゾリナ
植物,コウホネ
植物,コウボウ
植物,コウボウシバ
植物,コウボウムギ
植物,コウマゴヤシ
植物,コウモリカズラ
植物,コウヤカンアオイ
植物,コウヤコケシノブ
植物,コウヤザサ
植物,コウヤボウキ
植物,コウヤマキ
植物,コウヤワラビ
植物,コウライシバ
植物,コウライテンナンショウ
植物,コウリンタンポポ
植物,コエンドロ
植物,コオニタビラコ
植物,コオニユリ
植物,コカナダモ
植物,コカモメヅル
植物,コカラスムギ
植物,コカンスゲ
植物,コガクウツギ
植物,コガタサンシキスミレ
植物,コガマ
植物,コガンピ
植物,コクサギ
植物,コクモウクジャク
植物,コクラン
植物,コケイラン
植物,コケオトギリ
植物,コケシノブ
植物,コゴメイ
植物,コゴメウツギ
植物,コゴメガヤツリ
植物,コゴメギク
植物,コゴメスゲ
植物,コゴメハギ
植物,コゴメバオトギリ
植物,コゴメヤナギ
植物,コシアブラ
植物,コシオガマ
植物,コシダ
植物,コシノネズミガヤ
植物,コショウノキ
植物,コショウハッカ
植物,コシロネ
植物,コシロノセンダングサ
植物,コジキイチゴ
植物,コジュズスゲ
植物,コスズメガヤ
植物,コスミレ
植物,コスモス
植物,コセリバオウレン
植物,コセンダングサ
植物,コタチツボスミレ
植物,コタニワタリ
植物,コタネツケバナ
植物,コチヂミザサ
植物,コチャルメルソウ
植物,コツクバネウツギ
植物,コツブキンエノコロ
植物,コデマリ
植物,コナギ
植物,コナスビ
植物,コナラ
植物,コニシキソウ
植物,コヌカグサ
植物,コノテガシワ
植物,コハイホラゴケ
植物,コハウチワカエデ
植物,コハクウンボク
植物,コハコベ
植物,コハシゴシダ
植物,コハチジョウシダ
植物,コバギボウシ
植物,コバノイシカグマ
植物,コバノウシノシッペイ
植物,コバノカナワラビ
植物,コバノカモメヅル
植物,コバノガマズミ
植物,コバノクロウメモドキ
植物,コバノコマユミ
植物,コバノズイナ
植物,コバノセンダングサ
植物,コバノタツナミ
植物,コバノタツナミソウ
植物,コバノチョウセンエノキ
植物,コバノトネリコ
植物,コバノトンボソウ
植物,コバノヒノキシダ
植物,コバノフユイチゴ
植物,コバノボタンヅル
植物,コバノミツバツツジ
植物,コバンソウ
植物,コバンノキ
植物,コバンモチ
植物,コヒルガオ
植物,コブシ
植物,コブナグサ
植物,コボタンヅル
植物,コマツカサススキ
植物,コマツナギ
植物,コマツヨイグサ
植物,コマユミ
植物,コミカンソウ
植物,コミネカエデ
植物,コミヤマスミレ
植物,コミヤマミズ
植物,コムラサキ
植物,コメガヤ
植物,コメツブウマゴヤシ
植物,コメツブツメクサ
植物,コメナモミ
植物,コメヒシバ
植物,コモチシダ
植物,コモチゼキショウ
植物,コモチナデシコ
植物,コモチマンネングサ
植物,コモチレンゲ
植物,コヤブタバコ
植物,コヤブデマリ
植物,コヤブラン
植物,コリヤナギ
植物,コンゴウタケ
植物,コンゴウダケ
植物,コンテリクラマゴケ
植物,コンニャク
植物,コンフリー
植物,コンロンカ
植物,コンロンソウ
植物,ゴウシュウアリタソウ
植物,ゴウシュウヒカゲミズ
植物,ゴウソ
植物,ゴキヅル
植物,ゴトウヅル
植物,ゴマキ
植物,ゴマギ
植物,ゴマナ
植物,ゴヨウアケビ
植物,ゴヨウマツ
植物,ゴンズイ
植物,サイコクキツネヤナギ
植物,サイゴクイノデ
植物,サイゴクイボタ
植物,サイゴクベニシダ
植物,サイハイラン
植物,サカキ
植物,サカキカズラ
植物,サカゲイノデ
植物,サカコザクラ
植物,サギゴケ
植物,サクラタデ
植物,サケバヒヨドリ
植物,ササガヤ
植物,ササクサ
植物,ササノハスゲ
植物,ササバモ
植物,ササユリ
植物,サザンカ
植物,サジオモダカ
植物,サジガンクビソウ
植物,サジラン
植物,サツキ
植物,サツキヒナノウスツボ
植物,サツマイモ
植物,サツマルリミノキ
植物,サデクサ
植物,サトイモ
植物,サトメシダ
植物,サトヤマハリスゲ
植物,サナエタデ
植物,サネカズラ
植物,サビサルナシ
植物,サビバナナカマド
植物,サフランモドキ
植物,サボンソウ
植物,サヤヌカグサ
植物,サラシナショウマ
植物,サルスベリ
植物,サルトリイバラ
植物,サルナシ
植物,サルマメ
植物,サワアザミ
植物,サワオトギリ
植物,サワギク
植物,サワグルミ
植物,サワシバ
植物,サワダツ
植物,サワトウガラシ
植物,サワハコベ
植物,サワヒヨドリ
植物,サワフタギ
植物,サワラ
植物,サワルリソウ
植物,サンインヒキオコシ
植物,サンインヨロイグサ
植物,サンカクイ
植物,サンカクヅル
植物,サンカヨウ
植物,サンゴジュ
植物,サンシキスミレ
植物,サンショウ
植物,サンショウソウ
植物,サンジャクバーベナ
植物,サンヨウブシ
植物,ザイフリボク
植物,ザクロ
植物,ザクロソウ
植物,ザゼンソウ
植物,シオザキソウ
植物,シオジ
植物,シオデ
植物,シオン
植物,シカクイ
植物,シキミ
植物,シケシダ
植物,シケチシダ
植物,シコクウツギ
植物,シコクママコナ
植物,シシウド
植物,シシガシラ
植物,シシラン
植物,シソ
植物,シソバタツナミ
植物,シソバタツナミソウ
植物,シタキソウ
植物,シダレヤナギ
植物,シチヘンゲ
植物,シチョウゲ
植物,シデアブラガヤ
植物,シデシャジン
植物,シナアブラギリ
植物,シナイボタ
植物,シナガワハギ
植物,シナサルナシ
植物,シナサワグルミ
植物,シナダレスズメガヤ
植物,シナノガキ
植物,シナノキ
植物,シノブ
植物,シノブカグマ
植物,シハイスミレ
植物,シバ
植物,シバスゲ
植物,シバヤナギ
植物,シブヤザサ
植物,シベリアヒナゲシ
植物,シベリアメドハギ
植物,シマウキクサ
植物,シマカンギク
植物,シマサルナシ
植物,シマスズメノヒエ
植物,シマツユクサ
植物,シモツケ
植物,シモツケソウ
植物,シャガ
植物,シャク
植物,シャクジョウソウ
植物,シャクチリソバ
植物,シャクヤク
植物,シャグマハギ
植物,シャシャンボ
植物,シャシャンポ
植物,シャリンバイ
植物,シュウカイドウ
植物,シュウブンソウ
植物,シュウメイギク
植物,シュウロガヤツリ
植物,シュロ
植物,シュロガヤツリ
植物,シュロソウ
植物,シュンラン
植物,ショウジョウスゲ
植物,ショウジョウバカマ
植物,ショウブ
植物,ショカツサイ
植物,ショクヨウガヤツリ
植物,シライトソウ
植物,シラカシ
植物,シラキ
植物,シラゲガヤ
植物,シラゲシャジン
植物,シラゲヒメジソ
植物,シラコスゲ
植物,シラスゲ
植物,シラネセンキュウ
植物,シラネワラビ
植物,シラホシムグラ
植物,シラヤマギク
植物,シラン
植物,シリブカガシ
植物,シロアカザ
植物,シロイトスゲ
植物,シロイヌナズナ
植物,シロイヌノヒゲ
植物,シロガネヨシ
植物,シロコヌカグサ
植物,シロザ
植物,シロダモ
植物,シロツメクサ
植物,シロツメグサ
植物,シロツリフネ
植物,シロネ
植物,シロノセンダングサ
植物,シロノヂシャ
植物,シロバイ
植物,シロバナカモメヅル
植物,シロバナキクザキイチゲ
植物,シロバナコタチツボスミレ
植物,シロバナサギゴケ
植物,シロバナサクラタデ
植物,シロバナシナガワハギ
植物,シロバナショウジョウバカマ
植物,シロバナスミレ
植物,シロバナセンダングサ
植物,シロバナタンポポ
植物,シロバナツリガネニンジン
植物,シロバナトキワハゼ
植物,シロバナニガナ
植物,シロバナヌスビトハギ
植物,シロバナノコンギク
植物,シロバナハナニガナ
植物,シロバナマンテマ
植物,シロバナムシトリナデシコ
植物,シロバナモウズイカ
植物,シロバナヤナギタデ
植物,シロモジ
植物,シロヤナギ
植物,シロヤマシダ
植物,シロヨメナ
植物,シロヨモギ
植物,シンジュ
植物,シンテッポウユリ
植物,シンミズヒキ
植物,ジギタリス
植物,ジクゲウツギ
植物,ジャガイモ
植物,ジャケツイバラ
植物,ジャコウソウ
植物,ジャニンジン
植物,ジャノヒゲ
植物,ジャヤナギ
植物,ジュウニキランソウ
植物,ジュウニヒトエ
植物,ジュウモンジシダ
植物,ジュズスゲ
植物,ジュズダマ
植物,ジュズネノキ
植物,ジュンサイ
植物,ジロボウエンゴサク
植物,ジンジソウ
植物,ジンバイソウ
植物,スイカ
植物,スイカズラ
植物,スイセン
植物,スイバ
植物,スカシタゴボウ
植物,スギ
植物,スギナ
植物,スジゲツシマママコナ
植物,ススキ
植物,スズシロソウ
植物,スズタケ
植物,スズダケ
植物,スズムシバナ
植物,スズメウリ
植物,スズメガヤ
植物,スズメノエンドウ
植物,スズメノカタビラ
植物,スズメノカタビラ（水田型）
植物,スズメノコビエ
植物,スズメノチャヒキ
植物,スズメノテッポウ
植物,スズメノトウガラシ
植物,スズメノトウガラシ（広義）
植物,スズメノヒエ
植物,スズメノヤリ
植物,スダジイ
植物,スノキ
植物,スノーフレーク
植物,スベリヒユ
植物,スミレ
植物,スミレサイシン
植物,スミレ属の一種
植物,スモモ
植物,ズイナ
植物,ズミ
植物,セイコノヨシ
植物,セイタカアワダチソウ
植物,セイタカシケシダ
植物,セイタカタンポポ
植物,セイタカハハコグサ
植物,セイタカハマスゲ
植物,セイタカハリイ
植物,セイタカヨシ
植物,セイバンモロコシ
植物,セイヨウアブラナ
植物,セイヨウイボタ
植物,セイヨウオオバコ
植物,セイヨウカボチャ
植物,セイヨウカラシナ
植物,セイヨウキンシバイ
植物,セイヨウジュウニヒトエ
植物,セイヨウタンポポ
植物,セイヨウノコギリ
植物,セイヨウノコギリソウ
植物,セイヨウハコヤナギ
植物,セイヨウヒキヨモギ
植物,セイヨウヒルガオ
植物,セイヨウフウチョウソウ
植物,セイヨウミズユキノシタ
植物,セイヨウミヤコグサ
植物,セイヨウヤブイチゴ
植物,セキショウ
植物,セキショウモ
植物,セッカツメクサ
植物,セッカニワゼキショウ
植物,セトガヤ
植物,セフリイノモトソウ
植物,セリ
植物,セリバオウレン
植物,セリ科
植物,センダン
植物,センダングサ
植物,セントウソウ
植物,センナリホオズキ
植物,センニンソウ
植物,センニンソウ属の一種
植物,センニンモ
植物,センブリ
植物,センボンギク
植物,センボンヤリ
植物,センリョウ
植物,センリョウ(キミノセンリョウ)
植物,ゼニアオイ
植物,ゼンテイカ
植物,ゼンマイ
植物,ソクシンラン
植物,ソクズ
植物,ソテツ
植物,ソバナ
植物,ソメイヨシノ
植物,ソヨゴ
植物,タイサンボク
植物,タイヌビエ
植物,タイミンガサ
植物,タイミンタチバナ
植物,タウコギ
植物,タカサゴユリ
植物,タカサブロウ
植物,タカトウダイ
植物,タカネマスクサ
植物,タカノツメ
植物,タカバミ
植物,タカヤマナライシダ
植物,タガネソウ
植物,タガラシ
植物,タケトアゼナ
植物,タケニグサ
植物,タタラカンガレイ
植物,タチイヌノフグリ
植物,タチオオバコ
植物,タチオランダゲンゲ
植物,タチカタバミ
植物,タチカモジ
植物,タチカモジグサ
植物,タチギボウシ
植物,タチクサボタン
植物,タチクラマゴケ
植物,タチシオデ
植物,タチシノブ
植物,タチスゲ
植物,タチスズメノヒエ
植物,タチタネツケバナ
植物,タチチチコグサ
植物,タチツボスミレ
植物,タチドコロ
植物,タチネコノメソウ
植物,タチネズミガヤ
植物,タチバナモドキ
植物,タチホスズメガヤ
植物,タチヤナギ
植物,タツナミソウ
植物,タツノヒゲ
植物,タテヤマハギ
植物,タニイヌワラビ
植物,タニウツギ
植物,タニガワコンギク
植物,タニガワスゲ
植物,タニギキョウ
植物,タニソバ
植物,タニタデ
植物,タニヘゴ
植物,タヌキラン
植物,タネツケバナ
植物,タビラコ
植物,タブノキ
植物,タマアジサイ
植物,タマオオスズメノカタビラ
植物,タマガヤツリ
植物,タマガワホトトギス
植物,タマサンゴ
植物,タマシケシダ
植物,タマシダ
植物,タマスダレ
植物,タマミズキ
植物,タマミゾイチゴツナギ
植物,タムシバ
植物,タムラソウ
植物,タラノキ
植物,タラヨウ
植物,タンキリマメ
植物,タンナサワフタギ
植物,ダイコン
植物,ダイコンソウ
植物,ダイモンジソウ
植物,ダキバアレチハナガサ
植物,ダケゼリ
植物,ダリア
植物,ダンコウバイ
植物,ダンチク
植物,ダンドイヌワラビ
植物,ダンドボロギク
植物,チカラシバ
植物,チガヤ
植物,チクゴスズメノヒエ
植物,チゴザサ
植物,チゴユリ
植物,チシマザサ
植物,チダケサシ
植物,チチコグサ
植物,チチコグサモドキ
植物,チヂミザサ
植物,チドメグサ
植物,チドリノキ
植物,チマキザサ
植物,チャガヤツリ
植物,チャセンシダ
植物,チャノキ
植物,チャボウシノシッペイ
植物,チャボガヤ
植物,チャルメルソウ
植物,チョウジギク
植物,チョウジタデ
植物,チョウセンアサガオ
植物,チョウセンカワラマツバ
植物,チョウセンガリヤス
植物,チリメンジソ
植物,チリメンジソ(アオチリメン)
植物,チリメンジソ（アオチリメン）
植物,チングルマ
植物,ヂシバリ
植物,ヂシバリ(イワニガナ)
植物,ツガ
植物,ツクシイバラ
植物,ツクシスズメノカタビラ
植物,ツクシタツナミソウ
植物,ツクシトネリコ
植物,ツクシハギ
植物,ツクバネ
植物,ツクバネアサガオ
植物,ツクバネウツギ
植物,ツクバネガシ
植物,ツクバネソウ
植物,ツシマママコナ
植物,ツタ
植物,ツタウルシ
植物,ツタバウンラン
植物,ツチアケビ
植物,ツツジ属の一種
植物,ツツジ科
植物,ツツジ（園芸品種）
植物,ツツナガヤイトバナ
植物,ツヅラフジ
植物,ツノハシバミ
植物,ツブラジイ
植物,ツブラジイ(コジイ)
植物,ツボクサ
植物,ツボスミレ
植物,ツボミオオバコ
植物,ツマトリソウ
植物,ツメクサ
植物,ツヤナシイノデ
植物,ツユクサ
植物,ツユクサ(オニツユクサ)
植物,ツリガネニンジン
植物,ツリバナ
植物,ツリフネソウ
植物,ツルアジサイ
植物,ツルアリドオシ
植物,ツルウメモドキ
植物,ツルカノコソウ
植物,ツルキンバイ
植物,ツルグミ
植物,ツルコウジ
植物,ツルコケモモ
植物,ツルシキミ
植物,ツルシロカネソウ
植物,ツルスズメノカタビラ
植物,ツルデンダ
植物,ツルドクダミ
植物,ツルナ
植物,ツルナシコアゼガヤツリ
植物,ツルナシヤハズエンドウ
植物,ツルニガクサ
植物,ツルニガグサ
植物,ツルニチニチソウ
植物,ツルニンジン
植物,ツルネコノメソウ
植物,ツルノゲイトウ
植物,ツルフジバカマ
植物,ツルボ
植物,ツルマサキ
植物,ツルマメ
植物,ツルマンネングサ
植物,ツルヨシ
植物,ツルリンドウ
植物,ツワブキ
植物,テイカカズラ
植物,テイショウソウ
植物,テキリスゲ
植物,テッポウユリ
植物,テツカエデ
植物,テリハコナラ
植物,テリハノイバラ
植物,テリハノブドウ
植物,テリハヤブソテツ
植物,テリミノイヌホオズキ
植物,テンジクボタン
植物,テンダイウヤク
植物,テンツキ
植物,テンナンショウ属の一種
植物,テンニンソウ
植物,テンリュウカナワラビ
植物,デワノタツナミソウ
植物,トウオオバコ
植物,トウカエデ
植物,トウキ
植物,トウギボウシ
植物,トウクサハギ
植物,トウグミ
植物,トウグワ
植物,トウゲシバ
植物,トウゲシバ（広義）
植物,トウゲブキ
植物,トウコマツナギ
植物,トウゴクサバノオ
植物,トウゴクシソバタツナミ
植物,トウゴクシダ
植物,トウゴクミツバツツジ
植物,トウゴマ
植物,トウササクサ
植物,トウジュロ
植物,トウダイグサ
植物,トウネズミモチ
植物,トウバナ
植物,トウヒ
植物,トウワタ
植物,トガマダイオウ
植物,トガリバイヌワラビ
植物,トガリバメシダ
植物,トキリマメ
植物,トキワイカリソウ
植物,トキワサンザシ
植物,トキワススキ
植物,トキワトラノオ
植物,トキワハゼ
植物,トキンソウ
植物,トクサ
植物,トクワカソウ
植物,トゲソバ
植物,トゲチシャ
植物,トゲヂシャ
植物,トゲナシヤマカシュウ
植物,トゲミノキツネノボタン
植物,トコロ
植物,トサノミツバツツジ
植物,トダシバ
植物,トチノキ
植物,トチバニンジン
植物,トネリコ
植物,トベラ
植物,トボシガラ
植物,トマト
植物,トマリスゲ
植物,トモエソウ
植物,トラノオシダ
植物,トリアシショウマ
植物,トリガタハンショウヅル
植物,ドウリョウイノデ
植物,ドクウツギ
植物,ドクダミ
植物,ドクムギ
植物,ドジョウツナギ
植物,ドロシモツケ
植物,ドロニガナ
植物,ナガイモ
植物,ナガイモ(栽培種)
植物,ナガエコナスビ
植物,ナガエコミカンソウ
植物,ナガエスゲ
植物,ナガエツルノゲイトウ
植物,ナガオノキシノブ
植物,ナガサキオトギリ
植物,ナガハグサ
植物,ナガハシスミレ
植物,ナガバエゾエノキ
植物,ナガバオモダカ
植物,ナガバギシギシ
植物,ナガバジャノヒゲ
植物,ナガバタチツボスミレ
植物,ナガバノイタチシダ
植物,ナガバノウナギツカミ
植物,ナガバノコウヤボウキ
植物,ナガバノシロヨメナ
植物,ナガバノスミレサイシン
植物,ナガバノヤノネグサ
植物,ナガバハエドクソウ
植物,ナガバムラサキシキブ
植物,ナガバモミジイチゴ
植物,ナガバヤブソテツ
植物,ナガバヤブマオ
植物,ナガホノナツノハナワラビ
植物,ナガボノワレモコウ
植物,ナガボハナタデ
植物,ナガミヒナゲシ
植物,ナキリスゲ
植物,ナギ
植物,ナギナタガヤ
植物,ナギナタコウジュ
植物,ナス
植物,ナス科sp
植物,ナス科sp.
植物,ナズナ
植物,ナチクジャク
植物,ナチシケシダ
植物,ナチシダ
植物,ナツグミ
植物,ナツズイセン
植物,ナツツバキ
植物,ナツヅタ
植物,ナツトウダイ
植物,ナツノハナワラビ
植物,ナツハゼ
植物,ナツフジ
植物,ナツミカン
植物,ナデシコ科
植物,ナナカマド
植物,ナナミノキ
植物,ナベナ
植物,ナミキソウ
植物,ナメラダイモンジソウ
植物,ナヨクサフジ
植物,ナライシダ
植物,ナラガシワ
植物,ナリヒラダケ
植物,ナルコスゲ
植物,ナルコビエ
植物,ナルコユリ
植物,ナルトサワギク
植物,ナワシロイチゴ
植物,ナワシログミ
植物,ナンカイイタチシダ
植物,ナンカイヌカボ
植物,ナンキンナナカマド
植物,ナンキンハゼ
植物,ナンキンマメ
植物,ナンゴクアオウキクサ
植物,ナンゴクナライシダ
植物,ナンテン
植物,ナンテンハギ
植物,ナンバンカラムシ
植物,ナンバンギセル
植物,ナンバンハコベ
植物,ニオイイバラ
植物,ニオイタチツボスミレ
植物,ニガイチゴ
植物,ニガウリ
植物,ニガカシュウ
植物,ニガキ
植物,ニガクサ
植物,ニガナ
植物,ニコゲヌカキビ
植物,ニシキウツギ
植物,ニシキギ
植物,ニシキゴロモ
植物,ニシキシダ
植物,ニシキソウ
植物,ニシキハギ
植物,ニシノオオアカウキクサ
植物,ニシノオオタネツケバナ
植物,ニシノホンモンジスゲ
植物,ニセアカシア
植物,ニセアゼガヤ
植物,ニセカラクサケマン
植物,ニセコクモウクジャク
植物,ニセシラゲガヤ
植物,ニチニチソウ
植物,ニッケイ
植物,ニッコウザサ
植物,ニラ
植物,ニリンソウ
植物,ニワアジサイ
植物,ニワウルシ
植物,ニワゼキショウ
植物,ニワトコ
植物,ニワフジ
植物,ニワホコリ
植物,ニンニク
植物,ヌカイタチシダモドキ
植物,ヌカイトナデシコ
植物,ヌカキビ
植物,ヌカスゲ
植物,ヌカススキ
植物,ヌカボ
植物,ヌカボシソウ
植物,ヌスビトハギ
植物,ヌマガヤ
植物,ヌマガヤツリ
植物,ヌマスギ
植物,ヌマダイコン
植物,ヌマトラノオ
植物,ヌマハリイ
植物,ヌメリグサ
植物,ヌリトラノオ
植物,ヌリワラビ
植物,ヌルデ
植物,ネギ
植物,ネコノシタ
植物,ネコノチチ
植物,ネコノメソウ
植物,ネコハギ
植物,ネコヤナギ
植物,ネザサ
植物,ネジキ
植物,ネジバナ
植物,ネジレモ
植物,ネズ
植物,ネズミガヤ
植物,ネズミサシ
植物,ネズミノオ
植物,ネズミホソムギ
植物,ネズミムギ
植物,ネズミモチ
植物,ネナシカズラ
植物,ネバリタデ
植物,ネバリノギラン
植物,ネバリノミノツヅリ
植物,ネムノキ
植物,ノアサガオ（園芸品種）
植物,ノアザミ
植物,ノアズキ
植物,ノイバラ
植物,ノウゼンカズラ
植物,ノカンゾウ
植物,ノガリヤス
植物,ノキシノブ
植物,ノキシノブ（広義）
植物,ノギラン
植物,ノグルミ
植物,ノゲイトウ
植物,ノゲシ
植物,ノゲヌカスゲ
植物,ノコギリシダ
植物,ノコンギク
植物,ノササゲ
植物,ノシラン
植物,ノジシャ
植物,ノジスミレ
植物,ノダイオウ
植物,ノダケ
植物,ノチドメ
植物,ノヂシャ
植物,ノテンツキ
植物,ノニガナ
植物,ノハカタカラクサ
植物,ノハラアザミ
植物,ノハラジャク
植物,ノハラスズメノテッポウ
植物,ノハラダイオウ
植物,ノハラツメクサ
植物,ノハラナデシコ
植物,ノハラムラサキ
植物,ノビネチドリ
植物,ノビル
植物,ノブキ
植物,ノブドウ
植物,ノボロギク
植物,ノミノツヅリ
植物,ノミノフスマ
植物,ノラニンジン
植物,ノリウツギ
植物,ノリクラアザミ
植物,ハイアオイ
植物,ハイイヌガヤ
植物,ハイイヌツゲ
植物,ハイコウリンタンポポ
植物,ハイコヌカグサ
植物,ハイチゴザサ
植物,ハイニシキソウ
植物,ハイヌメリ
植物,ハイヌメリグサ
植物,ハイホラゴケ
植物,ハイミチヤナギ
植物,ハイメドハギ
植物,ハウチワカエデ
植物,ハエドクソウ
植物,ハカタシダ
植物,ハガワリトボシガラ
植物,ハキダメギク
植物,ハクウンボク
植物,ハクサンアザミ
植物,ハクサンカメバヒキオコシ
植物,ハクサンハタザオ
植物,ハクチョウゲ
植物,ハクモウイノデ
植物,ハクモクレン
植物,ハグロソウ
植物,ハコネウツギ
植物,ハコネシダ
植物,ハコベ
植物,ハシカグサ
植物,ハシゴシダ
植物,ハシリドコロ
植物,ハスノハイチゴ
植物,ハスノハカズラ
植物,ハゼ
植物,ハゼノキ
植物,ハゼラン
植物,ハタガヤ
植物,ハタケニラ
植物,ハタザオ
植物,ハダカホオズキ
植物,ハチク
植物,ハチジョウシダモドキ
植物,ハチジョウススキ
植物,ハッカ
植物,ハナイカダ
植物,ハナイバナ
植物,ハナウド
植物,ハナウリクサ
植物,ハナカタバミ
植物,ハナカンナ
植物,ハナショウブ
植物,ハナゼキショウ
植物,ハナゾノツクバネウツギ
植物,ハナタデ
植物,ハナツクバネウツギ
植物,ハナトラノオ
植物,ハナニガナ
植物,ハナニラ
植物,ハナヌカススキ
植物,ハナハマセンブリ
植物,ハナヒリノキ
植物,ハナビゼキショウ
植物,ハナビゼリ
植物,ハナミョウガ
植物,ハナヤエムグラ
植物,ハナヤクシソウ
植物,ハナヤスリ属の一種
植物,ハネガヤ
植物,ハネミイヌエンジュ
植物,ハハコグサ
植物,ハバビロスゲ
植物,ハバヤマボクチ
植物,ハブソウ
植物,ハマアオスゲ
植物,ハマウド
植物,ハマエノコロ
植物,ハマエンドウ
植物,ハマオモト
植物,ハマガヤ
植物,ハマクサギ
植物,ハマクマツヅラ
植物,ハマゴウ
植物,ハマサオトメカズラ
植物,ハマスゲ
植物,ハマセンダン
植物,ハマゼリ
植物,ハマダイコン
植物,ハマツメクサ
植物,ハマナデシコ
植物,ハマニガナ
植物,ハマニンニク
植物,ハマハナセンブリ
植物,ハマヒエガエリ
植物,ハマヒルガオ
植物,ハマボウフウ
植物,ハマボッス
植物,ハラン
植物,ハリイ
植物,ハリエンジュ
植物,ハリガネワラビ
植物,ハリギリ
植物,ハリコウガイゼキショウ
植物,ハリビユ
植物,ハルガヤ
植物,ハルザキヤマガラシ
植物,ハルシャギク
植物,ハルジオン
植物,ハルジョオン
植物,ハルタデ
植物,ハルトラノオ
植物,ハルニレ
植物,ハルノノゲシ
植物,ハルユキノシタ
植物,ハンゲショウ
植物,ハンゴンソウ
植物,ハンショウヅル
植物,ハンノキ
植物,バイカウツギ
植物,バイカツツジ
植物,バクチノキ
植物,バショウ
植物,バッコヤナギ
植物,バライチゴ
植物,バリバリノキ
植物,ヒイラギ
植物,ヒイラギナンテン
植物,ヒイラギモクセイ
植物,ヒエガエリ
植物,ヒオウギ
植物,ヒカゲイノコズチ
植物,ヒカゲスゲ
植物,ヒカゲノカズラ
植物,ヒカゲヒメジソ
植物,ヒカゲミツバ
植物,ヒカゲワラビ
植物,ヒガンバナ
植物,ヒキオコシ
植物,ヒゲアブラガヤ
植物,ヒゲケマルバスミレ
植物,ヒゲナガスズメノチャヒキ
植物,ヒゲノガリヤス
植物,ヒゴクサ
植物,ヒゴグサ
植物,ヒゴロモソウ
植物,ヒサウチソウ
植物,ヒサカキ
植物,ヒシ
植物,ヒダカノリウツギ
植物,ヒダボタン
植物,ヒデリコ
植物,ヒトツバ
植物,ヒトツバカエデ
植物,ヒトツバハギ
植物,ヒトリシズカ
植物,ヒナウキクサ
植物,ヒナウチワカエデ
植物,ヒナガヤツリ
植物,ヒナキキョウソウ
植物,ヒナギキョウ
植物,ヒナギク
植物,ヒナゲシ
植物,ヒナスミレ
植物,ヒナタイノコズチ
植物,ヒナタイノコヅチ
植物,ヒナノウスツボ
植物,ヒナノシャクジョウ
植物,ヒノキ
植物,ヒノキバヤドリギ
植物,ヒメアオガヤツリ
植物,ヒメアオキ
植物,ヒメアギスミレ
植物,ヒメアザミ
植物,ヒメアシボソ
植物,ヒメアブラススキ
植物,ヒメアメリカアゼナ
植物,ヒメイタチシダ
植物,ヒメイタチシダ（広義）
植物,ヒメイタビ
植物,ヒメイヌガラシ
植物,ヒメイヌビエ
植物,ヒメイワダレソウ
植物,ヒメウキクサ
植物,ヒメウコギ
植物,ヒメウズ
植物,ヒメウツギ
植物,ヒメウワバミソウ
植物,ヒメエンゴサク
植物,ヒメオトギリ
植物,ヒメオドリコソウ
植物,ヒメカナワラビ
植物,ヒメカンアオイ
植物,ヒメカンスゲ
植物,ヒメガマ
植物,ヒメガヤツリ
植物,ヒメガンクビソウ
植物,ヒメキカシグサ
植物,ヒメキンギョソウ
植物,ヒメキンセンカ
植物,ヒメキンミズヒキ
植物,ヒメクグ
植物,ヒメクズ
植物,ヒメクマツヅラ
植物,ヒメクラマゴケ
植物,ヒメクロモジ
植物,ヒメコウガイゼキショウ
植物,ヒメコウゾ
植物,ヒメコケシノブ
植物,ヒメコヌカグサ
植物,ヒメコバンソウ
植物,ヒメコマツ
植物,ヒメゴウソ
植物,ヒメサジラン
植物,ヒメサルダヒコ
植物,ヒメシダ
植物,ヒメシラスゲ
植物,ヒメシロネ
植物,ヒメジソ
植物,ヒメジョオン
植物,ヒメジリ
植物,ヒメスイバ
植物,ヒメスミレ
植物,ヒメセンナリホオズキ
植物,ヒメタイヌビエ
植物,ヒメタデ
植物,ヒメチドメ
植物,ヒメツゲ
植物,ヒメツルソバ
植物,ヒメテンツキ
植物,ヒメドコロ
植物,ヒメナミキ
植物,ヒメヌカススキ
植物,ヒメヌカボ
植物,ヒメノガリヤス
植物,ヒメノキシノブ
植物,ヒメノハギ
植物,ヒメハイホラゴケ
植物,ヒメハギ
植物,ヒメハナヒリノキ
植物,ヒメバライチゴ
植物,ヒメヒオウギズイセン
植物,ヒメヒゴダイ
植物,ヒメヒマワリ
植物,ヒメヒラテンツキ
植物,ヒメヒレアザミ
植物,ヒメフウロ
植物,ヒメブタナ
植物,ヒメヘビイチゴ
植物,ヒメマツバボタン
植物,ヒメミカンソウ
植物,ヒメミソハギ
植物,ヒメムカシヨモギ
植物,ヒメムツオレガヤツリ
植物,ヒメモエギスゲ
植物,ヒメモチ
植物,ヒメモロコシ
植物,ヒメヤシャブシ
植物,ヒメヤブラン
植物,ヒメユズリハ
植物,ヒメヨツバムグラ
植物,ヒメヨモギ
植物,ヒメリュウキンカ
植物,ヒメレンゲ
植物,ヒメワラビ
植物,ヒャクニチソウ
植物,ヒユ
植物,ヒョウタン
植物,ヒヨクソウ
植物,ヒヨドリジョウゴ
植物,ヒヨドリバナ
植物,ヒヨドリバナ（ヒヨドリバナ二倍体）
植物,ヒヨドリバナ（広義）
植物,ヒラドツツジ
植物,ヒラボガヤツリ
植物,ヒルガオ
植物,ヒルザキツキミソウ
植物,ヒルムシロ
植物,ヒレアザミ
植物,ヒレタゴボウ
植物,ヒレハリソウ
植物,ヒロハイヌノヒゲ
植物,ヒロハイヌワラビ
植物,ヒロハウシノケグサ
植物,ヒロハコウガイゼキショウ
植物,ヒロハコンロンソウ
植物,ヒロハスズメノトウガラシ
植物,ヒロハタンポポ
植物,ヒロハツリバナ
植物,ヒロハトウゲシバ
植物,ヒロハノウシノケグサ
植物,ヒロハノコウガイゼキショウ
植物,ヒロハフウリンホオズキ
植物,ヒロハヘビノネゴザ
植物,ヒロハホウキギク
植物,ヒロハモミジ
植物,ヒロハヤブソテツ
植物,ヒロハヤマトウバナ
植物,ヒロバスゲ
植物,ヒンジガヤツリ
植物,ビッチュウヤマハギ
植物,ビナンカズラ
植物,ビヨウヤナギ
植物,ビロウドシダ
植物,ビロードイチゴ
植物,ビロードエノキグサ
植物,ビロードクサフジ
植物,ビロードシダ
植物,ビロードスゲ
植物,ビロードモウズイカ
植物,ビワ
植物,ピグミーフロッグビット
植物,フウセンカズラ
植物,フウチョウソウ
植物,フウトウカズラ
植物,フウリンホオズキ
植物,フウロケマン
植物,フカギレオオモミジ
植物,フキ
植物,フクオウソウ
植物,フクロシダ
植物,フゲシザサ
植物,フサザクラ
植物,フサジュンサイ
植物,フサナキリスゲ
植物,フサフジウツギ
植物,フサモ属の一種
植物,フシグロ
植物,フシグロセンノウ
植物,フジ
植物,フジウツギ
植物,フジカンゾウ
植物,フジキ
植物,フジテンニンソウ
植物,フジナデシコ
植物,フタバアオイ
植物,フタバムグラ
植物,フタリシズカ
植物,フッキソウ
植物,フデリンドウ
植物,フトイ
植物,フトヒルムシロ
植物,フトボナギナタコウジュ
植物,フトボメリケンカルカヤ
植物,フナコシイノデ
植物,フモトシダ
植物,フモトスミレ
植物,フユイチゴ
植物,フユザンショウ
植物,フユノハナワラビ
植物,フヨウ
植物,フラサバソウ
植物,フランスギク
植物,フリソデヤナギ
植物,ブタクサ
植物,ブタナ
植物,ブナ
植物,ブラジルチドメグサ
植物,ヘクソカズラ
植物,ヘチマ
植物,ヘビイチゴ
植物,ヘビノネゴザ
植物,ヘラオオバコ
植物,ヘラオモダカ
植物,ヘラシダ
植物,ヘラバヒメジョオン
植物,ベニイタドリ
植物,ベニイトスゲ
植物,ベニカタバミ
植物,ベニガクエゴノキ
植物,ベニシタン
植物,ベニシダ
植物,ベニバナセンブリ
植物,ベニバナツメクサ
植物,ベニバナボロギク
植物,ベニバナミヤマカタバミ
植物,ベニバナヤマボウシ
植物,ベニヤマボウシ
植物,ペラペラヨメナ
植物,ホウキギ
植物,ホウキギク
植物,ホウズキ
植物,ホウセンカ
植物,ホウチャクソウ
植物,ホウライシダ
植物,ホウロクイチゴ
植物,ホオズキ
植物,ホオノキ
植物,ホガエリガヤ
植物,ホクリクネコノメソウ
植物,ホコガタアカザ
植物,ホザキツリガネツツジ
植物,ホザキノフサモ
植物,ホザキノミミカキグサ
植物,ホザキマンテマ
植物,ホシアサガオ
植物,ホシクサsp.
植物,ホシダ
植物,ホソアオゲイトウ
植物,ホソイ
植物,ホソセイヨウヌカボ
植物,ホソバアカザ
植物,ホソバアキノノゲシ
植物,ホソバイヌビワ
植物,ホソバイヌワラビ
植物,ホソバウマノスズクサ
植物,ホソバウンラン
植物,ホソバオオアリドオシ
植物,ホソバカナワラビ
植物,ホソバカンスゲ
植物,ホソバガンクビソウ
植物,ホソバコケシノブ
植物,ホソバコンギク
植物,ホソバシケシダ
植物,ホソバタブ
植物,ホソバツルノゲイトウ
植物,ホソバトウゲシバ
植物,ホソバナライシダ
植物,ホソバニセジュズネノキ
植物,ホソバノウナギツカミ
植物,ホソバノチチコグサモドキ
植物,ホソバノハマアカザ
植物,ホソバノヤマハハコ
植物,ホソバノヨツバムグラ
植物,ホソバヒイラギナンテン
植物,ホソバヒカゲスゲ
植物,ホソバヒメトラノオ
植物,ホソバヒメミソハギ
植物,ホソバミズヒキモ
植物,ホソバヤハズエンドウ
植物,ホソバヨツバヒヨドリ
植物,ホソミキンガヤツリ
植物,ホソムギ
植物,ホタルイ
植物,ホタルカズラ
植物,ホタルブクロ
植物,ホッコクアザミ
植物,ホッスガヤ
植物,ホッスモ
植物,ホツツジ
植物,ホテイアオイ
植物,ホテイシダ
植物,ホテイチク
植物,ホトケノザ
植物,ホトトギス
植物,ホドイモ
植物,ホナガアオゲイトウ
植物,ホナガイヌビユ
植物,ホナガカワヂシャ
植物,ホナガタツナミソウ
植物,ホナガヒメゴウソ
植物,ホラシノブ
植物,ホルトノキ
植物,ホロムイソウ
植物,ホンキンセンカ
植物,ホンシャクナゲ
植物,ボウズヒメジョオン
植物,ボウムギ
植物,ボケ
植物,ボタンウキクサ
植物,ボタンクサギ
植物,ボタンヅル
植物,ボタンネコノメソウ
植物,ボントクタデ
植物,ポポー
植物,マイヅルソウ
植物,マカラスムギ
植物,マキノスミレ
植物,マクワウリ
植物,マグワ
植物,マコモ
植物,マサキ
植物,マスクサ
植物,マタタビ
植物,マダイオウ
植物,マダケ
植物,マツカサススキ
植物,マツカゼソウ
植物,マツグミ
植物,マツサカシダ
植物,マツザカシダ
植物,マツバイ
植物,マツバウンラン
植物,マツバギク
植物,マツバスゲ
植物,マツバゼリ
植物,マツバボタン
植物,マツブサ
植物,マツモ
植物,マツモ（広義）
植物,マツモ（狭義）
植物,マツヨイグサ
植物,マテバシイ
植物,マネキグサ
植物,ママコナ
植物,ママコノシリヌグイ
植物,マムシグサ
植物,マムシグサ（広義）
植物,マメアサガオ
植物,マメカミツレ
植物,マメガキ
植物,マメグミ
植物,マメグンバイナズナ
植物,マメダオシ
植物,マメヅタ
植物,マメ科
植物,マユミ
植物,マリーゴールド
植物,マルスグリ
植物,マルバアオダモ
植物,マルバアカザ
植物,マルバアキグミ
植物,マルバアサガオ
植物,マルバアメリカアサガオ
植物,マルバウツギ
植物,マルバグミ
植物,マルバコンロンソウ
植物,マルバゴマギ
植物,マルバサンキライ
植物,マルバシャリンバイ
植物,マルバスミレ
植物,マルバツユクサ
植物,マルバトゲチシャ
植物,マルバヌスビトハギ
植物,マルバノキ
植物,マルバノホロシ
植物,マルバノリクラアザミ
植物,マルバハギ
植物,マルバハッカ
植物,マルバフユイチゴ
植物,マルバベニシダ
植物,マルバマンサク
植物,マルバマンネングサ
植物,マルバヤナギ
植物,マルバヤハズソウ
植物,マルバヤブマオ
植物,マルバルコウ
植物,マルバルコウソウ
植物,マルミノヤマゴボウ
植物,マンゴクドジョウツナギ
植物,マンサク
植物,マンテマ
植物,マンネンスギ
植物,マンリョウ
植物,ミカエリソウ
植物,ミカヅキグサ
植物,ミサキカグマ
植物,ミジンコウキクサ
植物,ミスジナガハグサ
植物,ミズ
植物,ミズオオバコ
植物,ミズオトギリ
植物,ミズガヤツリ
植物,ミズキ
植物,ミズギク
植物,ミズギグ
植物,ミズギボウシ
植物,ミズコナラ
植物,ミズゴケ
植物,ミズスギ
植物,ミズタガラシ
植物,ミズタネツケバナ
植物,ミズタビラコ
植物,ミズタマソウ
植物,ミズトラノオ
植物,ミズナラ
植物,ミズハコベ
植物,ミズハナビ
植物,ミズバショウ
植物,ミズヒキ
植物,ミズヒマワリ
植物,ミズマツバ
植物,ミズメ
植物,ミズユキノシタ
植物,ミズワラビ
植物,ミソナオシ
植物,ミソハギ
植物,ミゾイチゴツナギ
植物,ミゾカクシ
植物,ミゾシダ
植物,ミゾソバ
植物,ミゾハコベ
植物,ミゾホオズキ
植物,ミタケスゲ
植物,ミチタネツケバナ
植物,ミチノクエンゴサク
植物,ミチノクナシ
植物,ミチバタガラシ
植物,ミチバタナデシコ
植物,ミチヤナギ
植物,ミツイシイノデ
植物,ミツガシワ
植物,ミツデウラボシ
植物,ミツデカエデ
植物,ミツバ
植物,ミツバアケビ
植物,ミツバウツギ
植物,ミツバオウレン
植物,ミツバサワヒヨドリ
植物,ミツバツチグリ
植物,ミツバツツジ
植物,ミツバフウロ
植物,ミツバベンケイソウ
植物,ミツマタ
植物,ミツモトソウ
植物,ミドリカナワラビ
植物,ミドリハカタカラクサ
植物,ミドリハコベ
植物,ミドリヒメワラビ
植物,ミドリベニシダ
植物,ミネカエデ
植物,ミノゴメ
植物,ミノボロ
植物,ミノボロスゲ
植物,ミノボロモドキ
植物,ミミカキグサ
植物,ミミズバイ
植物,ミミナグサ
植物,ミヤギノハギ
植物,ミヤコアオイ
植物,ミヤコイヌワラビ
植物,ミヤコイバラ
植物,ミヤコオトギリ
植物,ミヤコグサ
植物,ミヤコザサ
植物,ミヤコヤブソテツ
植物,ミヤマアオダモ
植物,ミヤマアブラススキ
植物,ミヤマイタチシダ
植物,ミヤマイヌノハナヒゲ
植物,ミヤマイボタ
植物,ミヤマイラクサ
植物,ミヤマウグイスカグラ
植物,ミヤマウズラ
植物,ミヤマカタバミ
植物,ミヤマカワラハンノキ
植物,ミヤマカンスゲ
植物,ミヤマガマズミ
植物,ミヤマキケマン
植物,ミヤマササガヤ
植物,ミヤマシキミ
植物,ミヤマシグレ
植物,ミヤマシケシダ
植物,ミヤマシケシダ（広義）
植物,ミヤマシケシダ（狭義）
植物,ミヤマシシウド
植物,ミヤマシラスゲ
植物,ミヤマジュズスゲ
植物,ミヤマタゴボウ
植物,ミヤマタニソバ
植物,ミヤマタニタデ
植物,ミヤマタムラソウ
植物,ミヤマチドメ
植物,ミヤマチョウジザクラ
植物,ミヤマトウバナ
植物,ミヤマナルコユリ
植物,ミヤマニガイチゴ
植物,ミヤマニガウリ
植物,ミヤマネズミガヤ
植物,ミヤマノキシノブ
植物,ミヤマノコギリシダ
植物,ミヤマハコベ
植物,ミヤマハハソ
植物,ミヤマフユイチゴ
植物,ミヤマベニシダ
植物,ミヤマホソコウガイゼキショウ
植物,ミヤママタタビ
植物,ミヤマママコナ
植物,ミヤマミズ
植物,ミヤマムグラ
植物,ミヤマヤシャブシ
植物,ミヤマヨメナ
植物,ミヤマヨメナ(ミヤコワスレ)
植物,ミョウガ
植物,ムカゴイラクサ
植物,ムギクサ
植物,ムギセンノウ
植物,ムクゲ
植物,ムクゲチャヒキ
植物,ムクノキ
植物,ムクロジ
植物,ムシカリ
植物,ムシクサ
植物,ムシトリナデシコ
植物,ムスカリ
植物,ムツアカバナ
植物,ムツオレグサ
植物,ムベ
植物,ムヨウラン
植物,ムヨウラン属の一種
植物,ムラサキウマゴヤシ
植物,ムラサキエノコロ
植物,ムラサキエノコログサ
植物,ムラサキカタバミ
植物,ムラサキケマン
植物,ムラサキサギゴケ
植物,ムラサキシキブ
植物,ムラサキツメクサ
植物,ムラサキツユクサ
植物,ムラサキナギナタガヤ
植物,ムラサキニガナ
植物,ムラサキネズミノオ
植物,ムラサキマムシグサ
植物,ムラサキマユミ
植物,ムラサキヤシオ
植物,ムロウテンナンショウ
植物,メアオスゲ
植物,メアゼテンツキ
植物,メガルカヤ
植物,メキシコマンネングサ
植物,メギ
植物,メグサハッカ
植物,メグスリノキ
植物,メタセコイア
植物,メタセコイヤ
植物,メダケ
植物,メダラ
植物,メドハギ
植物,メナモミ
植物,メノマンネングサ
植物,メハジキ
植物,メヒシバ
植物,メマツヨイグサ
植物,メマツヨイグサ(アレチマツヨイグサ)
植物,メヤブソテツ
植物,メヤブマオ
植物,メリケンカルカヤ
植物,メリケンガヤツリ
植物,メリケントキンソウ
植物,メリケンムグラ
植物,モウセンゴケ
植物,モウソウチク
植物,モエギスゲ
植物,モクレン
植物,モチツツジ
植物,モチノキ
植物,モッコク
植物,モミ
植物,モミジアオイ
植物,モミジイチゴ
植物,モミジカラスウリ
植物,モミジガサ
植物,モミジバキセワタ
植物,モミジバスズカケノキ
植物,モモ
植物,モモイロシロツメクサ
植物,モンツキウマゴヤシ
植物,ヤイトバナ
植物,ヤエザキスイセン
植物,ヤエムグラ
植物,ヤエヤマブキ
植物,ヤクシソウ
植物,ヤクナガイヌムギ
植物,ヤグルマギク
植物,ヤグルマソウ
植物,ヤシャゼンマイ
植物,ヤシャブシ
植物,ヤセウツボ
植物,ヤダケ
植物,ヤチカワズスゲ
植物,ヤツデ
植物,ヤドリギ
植物,ヤナギイチゴ
植物,ヤナギイノコズチ
植物,ヤナギタデ
植物,ヤナギタンポポ
植物,ヤナギハナガサ
植物,ヤナギバヒメジョオン
植物,ヤナギバルイラソウ
植物,ヤナギモ
植物,ヤノネグサ
植物,ヤノネボンテンカ
植物,ヤハズアジサイ
植物,ヤハズエンドウ
植物,ヤハズソウ
植物,ヤブイバラ
植物,ヤブウツギ
植物,ヤブカラシ
植物,ヤブカンゾウ
植物,ヤブガラシ
植物,ヤブコウジ
植物,ヤブサンザシ
植物,ヤブジラミ
植物,ヤブスゲ
植物,ヤブソテツ
植物,ヤブタバコ
植物,ヤブタビラコ
植物,ヤブツバキ
植物,ヤブツルアズキ
植物,ヤブデマリ
植物,ヤブニッケイ
植物,ヤブニンジン
植物,ヤブハギ
植物,ヤブヘビイチゴ
植物,ヤブマオ
植物,ヤブマメ
植物,ヤブミョウガ
植物,ヤブムラサキ
植物,ヤブラン
植物,ヤブレガサ
植物,ヤマアイ
植物,ヤマアサクラザンショウ
植物,ヤマアジサイ
植物,ヤマアゼスゲ
植物,ヤマアマドコロ
植物,ヤマアワ
植物,ヤマイ
植物,ヤマイタチシダ
植物,ヤマイヌワラビ
植物,ヤマイバラ
植物,ヤマウグイスカグラ
植物,ヤマウコギ
植物,ヤマウルシ
植物,ヤマエンゴサク
植物,ヤマオダマキ
植物,ヤマカシュウ
植物,ヤマカモジグサ
植物,ヤマガキ
植物,ヤマガシュウ
植物,ヤマキケマン
植物,ヤマキツネノボタン
植物,ヤマクルマバナ
植物,ヤマグルマ
植物,ヤマグワ
植物,ヤマコウバシ
植物,ヤマゴボウ
植物,ヤマザクラ
植物,ヤマシャクヤク
植物,ヤマシロギク
植物,ヤマジノホトトギス
植物,ヤマスズメノヒエ
植物,ヤマソテツ
植物,ヤマタツナミソウ
植物,ヤマタネツケバナ
植物,ヤマツツジ
植物,ヤマテキリスゲ
植物,ヤマトアオダモ
植物,ヤマトウバナ
植物,ヤマトキホコリ
植物,ヤマトチャルメルソウ
植物,ヤマトテンナンショウ
植物,ヤマドリゼンマイ
植物,ヤマナシ
植物,ヤマナラシ
植物,ヤマニガナ
植物,ヤマヌカボ
植物,ヤマネコノメ
植物,ヤマネコノメソウ
植物,ヤマネコヤナギ
植物,ヤマノイモ
植物,ヤマハギ
植物,ヤマハゼ
植物,ヤマハタザオ
植物,ヤマハッカ
植物,ヤマハハコ
植物,ヤマハンノキ
植物,ヤマヒヨドリ
植物,ヤマビワ
植物,ヤマフジ
植物,ヤマブキ
植物,ヤマブキショウマ
植物,ヤマブキソウ
植物,ヤマブドウ
植物,ヤマホタルブクロ
植物,ヤマホトトギス
植物,ヤマホロシ
植物,ヤマボウシ
植物,ヤマボクチ
植物,ヤマミズ
植物,ヤマミゾイチゴツナギ
植物,ヤマミゾソバ
植物,ヤマムグラ
植物,ヤマモミジ
植物,ヤマモモ
植物,ヤマヤナギ
植物,ヤマヤブソテツ
植物,ヤマヨモギ
植物,ヤマラッキョウ
植物,ヤマルリソウ
植物,ヤモノイモ
植物,ヤリゲイトウ
植物,ヤワラシダ
植物,ヤワラスゲ
植物,ユウガギク
植物,ユウゲショウ
植物,ユウゼンギク
植物,ユキグニミツバツツジ
植物,ユキザサ
植物,ユキノシタ
植物,ユキノシタ属の一種
植物,ユキバタツバキ
植物,ユキヤナギ
植物,ユクノキ
植物,ユスラウメ
植物,ユズ
植物,ユズリハ
植物,ユリノキ
植物,ユリ科
植物,ヨウシュチョウセンアサガオ
植物,ヨウシュハッカ
植物,ヨウシュヤマゴボウ
植物,ヨシ
植物,ヨシノアザミ
植物,ヨシノヤナギ
植物,ヨツバハコベ
植物,ヨツバヒヨドリ
植物,ヨツバムグラ
植物,ヨメナ
植物,ヨモギ
植物,ラクウショウ
植物,ラショウモンカズラ
植物,ラッキョウ
植物,ラッパスイセン
植物,ラッパズイセン
植物,リュウキュウマメガキ
植物,リュウノウギク
植物,リョウブ
植物,リョウメンシダ
植物,リンドウ
植物,リンボク
植物,ルイヨウショウマ
植物,ルイヨウボタン
植物,ルコウソウ
植物,ルリニワゼキショウ
植物,ルリミノキ
植物,レモンエゴマ
植物,レンギョウ
植物,レンゲソウ
植物,レンゲツツジ
植物,ローマカミツレ
植物,ワサビ
植物,ワタゲカマツカ
植物,ワタスゲ
植物,ワラビ
植物,ワルナスビ
植物,ワレモコウ
植物,外来アゾラ
植物,山陰型タチツボスミレ
